id,first_name,last_name,email,city,state
4419vuasjmwd4dpu9w,Delilah,Wilkerson,dwilkerson0@elegantthemes.com,Galveston,Texas
4385vukzecbx9o08uc,Ado,Hatcliffe,ahatcliffe1@ebay.com,Sacramento,California
2326tjmwnmfqiv5oct,Luciano,Crucetti,lcrucetti2@t-online.de,San Diego,California
8947unobdbo36fjt43,Rianon,Leathard,rleathard3@cyberchimps.com,Corpus Christi,Texas
1846fciueuqb97271c,Jaquelin,Pothbury,jpothbury4@auda.org.au,Lakewood,Washington
3273iyeqavz0mkbljj,Merl,Beevers,mbeevers5@ox.ac.uk,Lincoln,Nebraska
0638erxlvvt9vs6hre,Ly,Heigho,lheigho6@redcross.org,Evansville,Indiana
1644jctfja0l2fxpf1,Emlynn,Ruslinge,eruslinge7@miitbeian.gov.cn,Amarillo,Texas
2403cwzscgj5xv0ff7,Grenville,Naul,gnaul8@ucoz.com,Panama City,Florida
8694zpwonpb36lvcwh,Roshelle,Chezier,rchezier9@xinhuanet.com,Dayton,Ohio
7076weysdhywxz1xg5,Sawyere,Cristofolini,scristofolinia@discuz.net,Louisville,Kentucky
1932lpnfgij76cadvg,Ronnie,Galer,rgalerb@yellowbook.com,Montgomery,Alabama
1167ukxibmz5hr66rj,Gregorio,Bewshea,gbewsheac@cbc.ca,San Antonio,Texas
4720qjjupjk4ugfi98,Eryn,Balint,ebalintd@eventbrite.com,Miami,Florida
6259obxmjbv62spgtj,Eliot,Foggo,efoggoe@chicagotribune.com,Athens,Georgia
6600pblwplogdip38g,Lanna,Trotton,ltrottonf@discovery.com,Huntington,West Virginia
6286npiibw3iuqky2j,Rayner,Pflieger,rpfliegerg@theglobeandmail.com,Las Vegas,Nevada
5109duflkerzp4z2aa,Casey,Clemerson,cclemersonh@paypal.com,Garden Grove,California
2906uxrfpccelfedh2,Abie,Roulston,aroulstoni@wiley.com,Temple,Texas
1031djryka25ce6uu2,Minne,Rosenblum,mrosenblumj@drupal.org,Evansville,Indiana
8063athwleh68puiz2,Juliane,Skipper,jskipperk@phpbb.com,Louisville,Kentucky
7682uudlfuo8otbaxs,Viviyan,Hullett,vhullettl@google.es,Bryan,Texas
4104cgvtpdg8bzftgn,Sidonia,Hopfer,shopferm@addthis.com,Brooklyn,New York
2493qozjqfg4p1xvhx,Willard,Easson,weassonn@mashable.com,New York City,New York
8327ejyrnn4ieue7a6,Kitti,Le Pine,klepineo@lulu.com,Portland,Oregon
0626nvlnftcec8q3ov,Tisha,Eggleson,tegglesonp@hhs.gov,Honolulu,Hawaii
9138igqvxhc8r8v4dn,Cullie,Northcliffe,cnorthcliffeq@omniture.com,Milwaukee,Wisconsin
2349bkfiar4ils2225,Marianna,Grancher,mgrancherr@miitbeian.gov.cn,Washington,District of Columbia
5607dcjipcxqtgfzrs,Pansie,Goode,pgoodes@soup.io,Minneapolis,Minnesota
6659gdydllis7z0auv,Tawnya,MacBain,tmacbaint@google.nl,Fort Worth,Texas
0031mvjpowr7zdeqdj,Susanne,Sipson,,Greensboro,North Carolina
2247pohbjnj1khhm52,Rosamond,Lawie,rlawiev@sina.com.cn,New Orleans,Louisiana
4160wyxctjv5s8qqky,Dermot,Mation,dmationw@weibo.com,Johnson City,Tennessee
9846tqzeupsfaipgu4,Federico,Thewless,fthewlessx@vk.com,Oklahoma City,Oklahoma
8804zulchqlh07dr9w,Jdavie,Wildblood,,Washington,District of Columbia
9827pmfwwwld6u3adg,Biddie,O'Donegan,bodoneganz@umich.edu,Jacksonville,Florida
9114pqfzgejjo0kzek,Standford,Marde,smarde10@issuu.com,Everett,Washington
8703iyquwqguuuk853,Eziechiele,Folger,efolger11@vinaora.com,Tulsa,Oklahoma
3652abulhm15svn8uf,Hagan,Yeats,hyeats12@1und1.de,Albany,New York
0901vhsrrezc8nuvaj,Maynard,Dedam,mdedam13@cdbaby.com,Sacramento,California
0900jwdnygr1swhdr2,Brady,Norway,bnorway14@craigslist.org,Louisville,Kentucky
6941lbddzhhwx401qq,Zahara,Slorach,zslorach15@senate.gov,Kalamazoo,Michigan
6888ihzgucv33sokps,Rich,Legh,rlegh16@wordpress.com,Peoria,Illinois
9122vmgewhtecaasym,Reggie,Minichillo,rminichillo17@reference.com,Cincinnati,Ohio
5501direxnsvyjzmss,Yetty,Lympenie,ylympenie18@joomla.org,Erie,Pennsylvania
0437wbxtujspleez05,Rozanna,Mattis,rmattis19@alexa.com,Corpus Christi,Texas
6238mgnfnl3p3q8odv,Dniren,Reihill,dreihill1a@blogtalkradio.com,Saint Petersburg,Florida
7031gezphkw943yqrf,Thia,Fessler,tfessler1b@networksolutions.com,Huntington,West Virginia
3831udfzcjlxikxv3d,Paulita,Hunnisett,phunnisett1c@woothemes.com,Las Cruces,New Mexico
3884shtzfgrkmp5l1d,Shelba,McMearty,,Louisville,Kentucky
2118bmcjzlbu2tyyez,Bernardina,Fraczak,bfraczak1e@about.com,Fresno,California
6280hayphqxoy754o9,Archibald,Onn,aonn1f@deliciousdays.com,Indianapolis,Indiana
9601mleilrrkzhqs6r,Griffy,Varne,gvarne1g@stumbleupon.com,Fresno,California
3257kxjnzffhx0qwac,Ferdinanda,Brownsmith,fbrownsmith1h@va.gov,Florence,South Carolina
6103njysvnjt0zt3rj,Damiano,Karlolczak,,Las Vegas,Nevada
9286wveoavdpzlflnc,Carissa,Elfleet,celfleet1j@artisteer.com,Santa Barbara,California
2594wzlfkbew3obc62,Cherey,Kilmaster,ckilmaster1k@zimbio.com,Mobile,Alabama
9037djhguohz1tb9r2,Quintin,Sagerson,qsagerson1l@businessweek.com,Indianapolis,Indiana
9347lhxpws7ddulf6z,Kissiah,Menloe,kmenloe1m@jalbum.net,Hollywood,Florida
9236xgokvobkhtu7xy,Vincent,Stansall,vstansall1n@dagondesign.com,Bradenton,Florida
8525lhxlowjqhqqn43,Jay,Sackey,,Riverside,California
0188ramtph959dppb9,Frazier,Cuskery,fcuskery1p@mayoclinic.com,Albany,New York
6432ozkmtm9k21y4nc,Otha,Alsford,oalsford1q@cornell.edu,Grand Rapids,Michigan
1547dnwmbmuhnbdpz9,Kimball,Seel,kseel1r@indiegogo.com,El Paso,Texas
1349aabjtdwnqw5jqm,Caria,Monelli,cmonelli1s@theatlantic.com,Muncie,Indiana
0337wnrpgbzum2dxnu,Hadleigh,Musgrove,hmusgrove1t@blogspot.com,Richmond,Virginia
3279imontjcev8qb6i,Giulietta,Buchett,gbuchett1u@home.pl,San Francisco,California
6609osxjsuwcorwjp1,Masha,Kirtland,mkirtland1v@economist.com,Fredericksburg,Virginia
7555wiurjd8un79f31,Lisha,Iacovozzo,liacovozzo1w@clickbank.net,Baton Rouge,Louisiana
5885swpgvnjlu4qpgx,Bart,Estable,bestable1x@imageshack.us,Washington,District of Columbia
0877ugsngbi9y2hf8m,Katee,Vickar,kvickar1y@examiner.com,Berkeley,California
3016klkwbkja2try68,Jill,Itzcak,jitzcak1z@163.com,Atlanta,Georgia
0693idwldhh930keer,Grenville,Hinkes,ghinkes20@opera.com,Wichita,Kansas
2614xqsemcorzo4jra,Karlis,Liddy,kliddy21@mediafire.com,Tampa,Florida
0090nghgwtrnho96az,Jodi,McGrady,jmcgrady22@state.tx.us,Baton Rouge,Louisiana
8834aqucoycvzh2baa,Rita,Sebert,rsebert23@histats.com,Florence,South Carolina
1588ppemdg84opk1dn,Diarmid,Duffil,dduffil24@hud.gov,Amarillo,Texas
4933mhlnfsp1oigjm3,Sylvan,Southwell,ssouthwell25@typepad.com,New York City,New York
3221moiekkyoduta71,Nicky,Bernade,nbernade26@craigslist.org,Anchorage,Alaska
8525quokwgzwj4k1v6,Nanice,Kalvin,nkalvin27@wsj.com,Charlotte,North Carolina
1474egbzntoo08xv2r,Randolf,Challenor,rchallenor28@mtv.com,Pasadena,California
0240okhfhzllmlnmdg,Morly,Bamb,mbamb29@ebay.co.uk,Littleton,Colorado
5954ppeuapidvpbktf,Gerti,Davenport,gdavenport2a@canalblog.com,Newton,Massachusetts
7786wwptno8dzxitgf,Reece,Godfery,rgodfery2b@harvard.edu,Lexington,Kentucky
6007ezlnde7q9toep1,Belia,Donnett,bdonnett2c@theguardian.com,El Paso,Texas
2878rnplemgxpz3o2j,Cheston,Arrighi,,Youngstown,Ohio
7612pezxuufn3ei1h1,Moll,Reglar,mreglar2e@delicious.com,San Jose,California
7657kojcgn1umtzfgm,Conan,Donner,cdonner2f@businessinsider.com,Portland,Oregon
5243vdzyad3wvokvrx,Waylan,Arkow,,Durham,North Carolina
5401fdlgwnl7bqemxd,Stillmann,Risborough,srisborough2h@spiegel.de,New York City,New York
7372erfweuxef3md74,Clevie,Murford,cmurford2i@dion.ne.jp,Omaha,Nebraska
2462fyxjdjkeysxm14,Hugo,Evitt,hevitt2j@storify.com,Detroit,Michigan
2660dtzyvnjug536oz,Rhoda,Shallo,rshallo2k@blogs.com,Des Moines,Iowa
8811ispmdl1opxsc28,Nettle,Houlahan,nhoulahan2l@shareasale.com,Charleston,West Virginia
6491qmufjzsxvqe4vm,Rosco,Rimell,rrimell2m@huffingtonpost.com,Denver,Colorado
8762qwqnwxbfv5nkef,Humphrey,Flitcroft,hflitcroft2n@angelfire.com,Portland,Oregon
6671vnmgzi33afvj97,Vivianna,Birkenhead,vbirkenhead2o@google.co.jp,Sacramento,California
5605wpfnanbn47s1g6,Vania,Hargraves,vhargraves2p@army.mil,New York City,New York
3939gtabed9st7sql2,Elva,Smelley,esmelley2q@oracle.com,Roanoke,Virginia
6493dwvxrw5xozx0gq,Adora,Jurek,ajurek2r@census.gov,North Las Vegas,Nevada
3518ftxdoh9pxnegil,Mufinella,Persent,mpersent2s@yahoo.com,Fort Worth,Texas
6080sdntlh5c1esil1,Edan,Sposito,esposito2t@typepad.com,Pueblo,Colorado
0633sbxrldfehy3k5k,Clayborn,Rainbird,crainbird2u@house.gov,Atlanta,Georgia
1165ggqrfo6yebpr12,Alric,Mangenet,amangenet2v@skype.com,Houston,Texas
8278knhsaltkbjfzdt,Coriss,Braferton,cbraferton2w@kickstarter.com,Miami Beach,Florida
4665lcxqwlfcg2bf77,Kaspar,Matterface,kmatterface2x@imgur.com,Silver Spring,Maryland
0763zzogcxmrjh2n7o,Lorrayne,Disney,ldisney2y@1688.com,Toledo,Ohio
4240myyhuz2e4l9lyk,Leandra,Landal,llandal2z@wordpress.com,Charleston,West Virginia
5647krhibnjolsqixu,Tani,Karys,tkarys30@ezinearticles.com,Fullerton,California
1576fwyflu2qzowix2,Mada,MacIlurick,mmacilurick31@ifeng.com,Erie,Pennsylvania
5363ggjwprdqg1nzf5,Adelaide,Winslow,awinslow32@sourceforge.net,Huntington,West Virginia
9629xybtxy6re13pit,Elyn,O'Cannan,eocannan33@who.int,Lexington,Kentucky
7785obpqhdnydzquaq,Bev,Dafydd,bdafydd34@zimbio.com,Dallas,Texas
1936uvivooxjecgfmw,Shanna,Sussams,ssussams35@nbcnews.com,Fort Worth,Texas
9216tccajoye95y4z5,Ursala,Essam,uessam36@twitter.com,New York City,New York
2874yyyojmxidmjzzn,Maura,Lindsay,mlindsay37@independent.co.uk,Valley Forge,Pennsylvania
4797wdnxuuzhtxsqbl,Cello,Bagshaw,cbagshaw38@archive.org,Wichita,Kansas
6042ogvaek32u1vsmm,Sigismundo,Vondrasek,svondrasek39@comcast.net,Memphis,Tennessee
7599thybbc5x2ejjbn,Demetrius,Phalip,,Newark,New Jersey
8102mouqlwpvr3ibj4,Juana,Wolfers,jwolfers3b@oakley.com,Saint Petersburg,Florida
2323bljrdjyq36d9m8,Garvin,Preedy,gpreedy3c@sohu.com,Fresno,California
8588lhfjuvlxlllu4k,Boyce,Hazeley,bhazeley3d@bigcartel.com,Sacramento,California
4483ttgcdwptuntvwu,Marji,Buxy,mbuxy3e@edublogs.org,Washington,District of Columbia
5998qcmpmymz1s3lke,Elora,Attewell,,Minneapolis,Minnesota
6949jybfchbw987i1a,Prescott,Almond,,Harrisburg,Pennsylvania
2902farlnlep1cpc93,Justin,Muggeridge,jmuggeridge3h@webmd.com,Jeffersonville,Indiana
2139vckokx0psjhnkh,Angie,Lathe,alathe3i@ftc.gov,Valdosta,Georgia
4627bpuhop8u0q0ac5,Teresita,Vaszoly,tvaszoly3j@spiegel.de,Corpus Christi,Texas
9694fyypdt9us124fl,Rhonda,Lind,rlind3k@ft.com,Houston,Texas
8371vgeovzg41rsxch,Carrol,Denyukin,cdenyukin3l@quantcast.com,Dayton,Ohio
5882raiqbvwju41f3n,Davidson,Filer,dfiler3m@rakuten.co.jp,Bronx,New York
4427ehvjdtfiieu9ms,Nolana,Paramor,nparamor3n@amazon.de,Harrisburg,Pennsylvania
7691lmwepf00x2ooye,Galven,Toghill,gtoghill3o@icq.com,Madison,Wisconsin
9818iktdzmv1i4shwb,Nicky,Fasse,nfasse3p@cnn.com,Charlotte,North Carolina
2537xokyayp3n1t6po,Dinah,Pynner,,Washington,District of Columbia
8461tlwbko947qep2g,Tania,MacRannell,tmacrannell3r@usa.gov,Indianapolis,Indiana
9059leshonglybsodz,Peta,Biggs,pbiggs3s@gmpg.org,Los Angeles,California
1937mdgndyu67qfc6c,Marie-ann,Linning,mlinning3t@economist.com,Cleveland,Ohio
7837ieuvkbufkbpbzp,Carrissa,Swansbury,cswansbury3u@umich.edu,Detroit,Michigan
6904xkbcybg7a698xi,Elwin,Lisimore,elisimore3v@mapy.cz,San Diego,California
1821xearvsg86q71km,Robbie,Meadus,rmeadus3w@bravesites.com,Gainesville,Florida
6457cwqevyiqy0u532,Celestyn,d'Arcy,cdarcy3x@cafepress.com,Atlanta,Georgia
9289vwjxkw4rnervn0,Jen,Hellmer,jhellmer3y@mtv.com,Santa Clara,California
3675dkigwkc38lfb5t,Nanci,Ebanks,,Reston,Virginia
4288pbkghid3lxvbdd,Dacy,Fibben,dfibben40@businessweek.com,Beaumont,Texas
5217gflqznjp9u1lu5,Barde,Callacher,bcallacher41@reverbnation.com,Visalia,California
1069wuskjh0hx1fc52,Gates,Arsmith,garsmith42@eepurl.com,Dayton,Ohio
3961pwrpcdyoc7ye2d,Berthe,Jills,bjills43@cyberchimps.com,Pittsburgh,Pennsylvania
4971ttilaqcpagb8bp,Simone,Perris,sperris44@webeden.co.uk,Charlotte,North Carolina
1612pqoybcnsk3d7bb,Nathanil,Otridge,notridge45@themeforest.net,Fort Pierce,Florida
8466yibnhinmd1ae1u,Garreth,Wishkar,gwishkar46@example.com,Los Angeles,California
9783caciwofpbvash6,Langston,Goodson,lgoodson47@tuttocitta.it,Houston,Texas
2309rkcnln4obqtuxu,Sharona,Delacourt,sdelacourt48@shop-pro.jp,Minneapolis,Minnesota
6054extnqc7jyek8yz,Penny,Hould,phould49@technorati.com,Canton,Ohio
8724neurznpa75tzhf,Rickie,Cuckoo,rcuckoo4a@state.tx.us,Houston,Texas
5812rzrqyga8qw2djb,Cos,Truce,ctruce4b@g.co,New York City,New York
8826khiyteoi6hh21t,Xever,Dugue,xdugue4c@mapquest.com,Bethesda,Maryland
6417vanwgs6vdszhwo,Ginger,Withinshaw,gwithinshaw4d@ocn.ne.jp,Boise,Idaho
2841lbpxrp1pozlyoy,Cayla,Blackaby,cblackaby4e@wired.com,Dayton,Ohio
2707oddaeae1hfbage,Nathaniel,Lintill,nlintill4f@nba.com,Los Angeles,California
2612kcfooqjqa8ueyh,Marcos,Laugier,,Maple Plain,Minnesota
3219nhklqv7jrivtu1,Viva,De Mico,,Kansas City,Missouri
2563srsrvpyhq3teg8,Ingunna,Ghelardoni,ighelardoni4i@latimes.com,Houston,Texas
7406grearc97urbe24,Ronalda,Ashburner,rashburner4j@msn.com,Charleston,West Virginia
1760dddwvhn3e6l8ak,Caro,Selliman,cselliman4k@sogou.com,New York City,New York
0033ypuqxz3gn6zrnr,Port,Cabel,pcabel4l@oakley.com,Akron,Ohio
1799ufuqmiyrh85vfe,Karlen,Tallquist,ktallquist4m@csmonitor.com,Portland,Oregon
0807mhprkdo0a1uoth,Barb,Kirkhouse,bkirkhouse4n@auda.org.au,Cincinnati,Ohio
0661uejxlivcor8a4k,Rayshell,Caesman,rcaesman4o@wordpress.org,El Paso,Texas
4431nrujyq2mqpzemv,Sim,Billinge,sbillinge4p@people.com.cn,Washington,District of Columbia
5998qlvkeiz4r7c891,Goldia,Rowles,growles4q@businessweek.com,Lansing,Michigan
5878vlnate4ksufxay,Montgomery,Handsheart,mhandsheart4r@ycombinator.com,Trenton,New Jersey
7129uonxjvwxsnpd10,Sig,Massingberd,smassingberd4s@shop-pro.jp,Fargo,North Dakota
4027gwjxmijatyd885,Abby,Illingsworth,aillingsworth4t@google.ca,Dallas,Texas
6069jnhzkurbxntvs4,Marilin,Bartlomiej,mbartlomiej4u@adobe.com,Morgantown,West Virginia
9795favjnmyufjsvmw,Elias,Poff,epoff4v@webs.com,Atlanta,Georgia
4630xekizruqa7sfzj,Tamara,Caser,tcaser4w@cam.ac.uk,New York City,New York
4290zyonglbscfx79s,Gasparo,Maffucci,gmaffucci4x@jalbum.net,Midland,Texas
2747wjpiaysfhfrjmj,Tate,Bohlin,tbohlin4y@dailymail.co.uk,Manassas,Virginia
7052dszliae9qv35k7,Jennette,Keitch,jkeitch4z@stanford.edu,Herndon,Virginia
6175lsmmbabcf2gp4g,Tris,Daddow,tdaddow50@123-reg.co.uk,Eugene,Oregon
0388mnnync8ir563se,Hamil,Gush,hgush51@tinypic.com,Boise,Idaho
5838zzeoro3bpbh72p,Addi,Hyrons,ahyrons52@example.com,Baton Rouge,Louisiana
6661nfphom89ba0dht,Mandel,Fidilis,mfidilis53@indiegogo.com,Akron,Ohio
3837hlksxuq1xszy0c,Chandal,O'Sheils,cosheils54@soup.io,Kansas City,Missouri
0255iwjplqgdi7kk2w,Hope,Eyree,heyree55@taobao.com,Amarillo,Texas
6047cyrbzyz4pu1s2e,Fidelio,Pietz,fpietz56@mozilla.org,Port Washington,New York
5066bcdldryphg9mye,Moira,Ferriman,mferriman57@vimeo.com,New Orleans,Louisiana
8739svugxcapzejf3y,Laurice,Decort,ldecort58@bizjournals.com,Dayton,Ohio
7152xyrjnj3ij1n0v8,Rossie,Feehely,rfeehely59@hc360.com,Houston,Texas
6057lyrgxe5qjzkbyv,Paige,Marler,pmarler5a@howstuffworks.com,San Mateo,California
3447whjbozj9bqyofh,Sherwood,McMeekin,smcmeekin5b@seesaa.net,Norfolk,Virginia
9079olyltqe07bre3l,Alexandros,Roswarn,aroswarn5c@yellowbook.com,Tyler,Texas
9895finqtilzgn4lxd,Olenolin,Garralts,ogarralts5d@51.la,Oakland,California
5077ltmwgw89d3noax,Royall,Kembrey,rkembrey5e@soundcloud.com,Ashburn,Virginia
7613guwbdklwiaps6h,Mae,McLeman,mmcleman5f@sina.com.cn,Omaha,Nebraska
3056ppgjrqrtne0jww,Marcello,Merrill,mmerrill5g@free.fr,Knoxville,Tennessee
3101jrfiixa9iec3h9,Marcella,Sandyfirth,msandyfirth5h@utexas.edu,Norfolk,Virginia
0310bnoldexl1l5f6w,Abraham,Warke,awarke5i@army.mil,Waco,Texas
3500rikqust47lekjo,Franny,Henrique,fhenrique5j@freewebs.com,Detroit,Michigan
8432vgrfrtrwzdu5b8,Vale,Mc Menamin,vmcmenamin5k@wiley.com,New York City,New York
4852ditkflndl4gml1,Viviana,Christofor,vchristofor5l@oakley.com,Bradenton,Florida
8321cuajrs2pkd2rg6,Krisha,Reightley,kreightley5m@dyndns.org,Saint Paul,Minnesota
5868oqcnmbaaowc66x,Fairfax,Rawdales,frawdales5n@google.nl,Pasadena,Texas
6687zxtxwa1xzrmvav,Elora,Bindin,ebindin5o@ameblo.jp,Lansing,Michigan
3017gtuubifkcmv7zo,Lynda,Beacon,lbeacon5p@unesco.org,Fresno,California
3849lejcvub7gwl7bm,Halette,Beedie,hbeedie5q@loc.gov,Boise,Idaho
5523lvxbnij4w5uspd,Madelena,Haglington,mhaglington5r@themeforest.net,Louisville,Kentucky
4804ycdbep1ua7i2zj,Paxon,Habbin,,Dayton,Ohio
8899vmltycdpepn7me,Melitta,Edgington,,Bakersfield,California
7823ctmvpg7wu2y4wm,Dixie,Learmount,dlearmount5u@friendfeed.com,Portland,Oregon
1684dlnxyg13yv6rxz,Korney,Dods,kdods5v@blogs.com,Muncie,Indiana
9121gdwqmvyxp491y1,Hubey,Rampton,hrampton5w@paginegialle.it,Houston,Texas
8785cxuodx2vdpkv10,Christy,Ronchi,,Reading,Pennsylvania
9849mpvmtmyxt6irz6,Goldina,Czaple,gczaple5y@scientificamerican.com,Charlotte,North Carolina
5009bwfmdquj76x1gv,Kimble,McChesney,,Miami,Florida
4260qwnbvs3vik0k5p,Marlowe,Donoghue,mdonoghue60@thetimes.co.uk,El Paso,Texas
3445vhsmfhezzqs5ep,Alvis,Pochon,apochon61@tamu.edu,Carol Stream,Illinois
9834assqxoxn7fjs9l,Dayle,Clempton,dclempton62@princeton.edu,Bakersfield,California
2171kojgxvrcf6q7qx,Stacie,Blakesley,sblakesley63@wordpress.com,Fairbanks,Alaska
0593hyicpvsadmtjlc,Liesa,Negro,lnegro64@google.it,El Paso,Texas
6996mashkoivyb9e7d,Addy,Spincks,aspincks65@google.fr,Fort Lauderdale,Florida
3135ypvvcp2f3cezqf,Zedekiah,Bolesworth,zbolesworth66@dedecms.com,Waco,Texas
6818puxaqsiygubnrg,Saraann,Heads,sheads67@lulu.com,Miami Beach,Florida
6324eznrcna63gvu0l,Elaine,Riseley,,Tempe,Arizona
5596yzqbhant48r5d1,Mellie,Whitrod,mwhitrod69@ifeng.com,Memphis,Tennessee
4521pghcof8pljaz1n,Land,Jacklings,ljacklings6a@soup.io,Washington,District of Columbia
8808rnqyjfaxkr30pq,Mae,Ragborne,mragborne6b@vkontakte.ru,Albany,New York
0111elftibn2chq799,Mehetabel,Chupin,mchupin6c@123-reg.co.uk,Jacksonville,Florida
8143zmwbqb703a4mbh,Cornela,Whinney,cwhinney6d@cmu.edu,Springfield,Missouri
0788cfcbtj5s4rbtcw,Maisey,Bosquet,mbosquet6e@github.io,Huntington,West Virginia
7806fuduutqosnsiwb,Birk,Stuckford,bstuckford6f@blogger.com,Trenton,New Jersey
0859jicpmzivwamdo1,Nedda,Yeldham,nyeldham6g@irs.gov,Sacramento,California
3919tjiftwkmxoz1oh,Gwen,Van Dijk,gvandijk6h@buzzfeed.com,Cincinnati,Ohio
7774zrjkeoreyso4ik,Estevan,Scarre,escarre6i@indiegogo.com,Nashville,Tennessee
6366kfyejqciiuqjnv,Jade,Adams,jadams6j@dedecms.com,Bronx,New York
1508hixlvxto9dmt8j,Keelby,Daouze,kdaouze6k@acquirethisname.com,Philadelphia,Pennsylvania
0072mxkoevijrhitbv,Maximilianus,Reece,mreece6l@fc2.com,Colorado Springs,Colorado
3437bfdyzb4fo5exxf,Ginny,Maker,gmaker6m@cloudflare.com,Tempe,Arizona
7391psgaze7emu18sv,Sammie,Finder,,Fayetteville,North Carolina
7676zusfxm4y1euonw,Bradford,Bartusek,bbartusek6o@howstuffworks.com,Baton Rouge,Louisiana
4476fshidfbv9s6jdz,Muhammad,Turfus,mturfus6p@github.io,Oklahoma City,Oklahoma
7519trvbly2rtpukjg,Giulietta,Ishak,gishak6q@alibaba.com,Lincoln,Nebraska
5310xcklrlgcskyhby,Wylma,Skamal,wskamal6r@i2i.jp,Santa Barbara,California
9692dbzsee0d09yene,Janaya,Crut,jcrut6s@dell.com,Clearwater,Florida
5149khjcaroopb5kb6,Fred,Horry,fhorry6t@independent.co.uk,Hyattsville,Maryland
6159wcstoamed80sxq,Steve,Pitcaithly,spitcaithly6u@is.gd,Gainesville,Georgia
8709ftpdxpae3bhx9y,Scarlett,MacPherson,smacpherson6v@twitpic.com,Pasadena,California
1199fivkwn4s9ui67v,Antonia,Amphlett,aamphlett6w@state.tx.us,Brea,California
1759yaxsmerd214yr8,Cordie,Feldbaum,cfeldbaum6x@bing.com,Youngstown,Ohio
8248fokatlb2ed0002,Jaquelin,Prendergrast,jprendergrast6y@moonfruit.com,Washington,District of Columbia
2108qatzejbrj5r291,Cristine,Denerley,cdenerley6z@latimes.com,Albuquerque,New Mexico
5184scdaeneg3qv6w1,Der,Panchen,dpanchen70@businessinsider.com,Gadsden,Alabama
7002gbekvrekri1wwn,Darrin,Greensite,dgreensite71@tripadvisor.com,Falls Church,Virginia
0136ldmxlsnx17oy6l,Jayme,Segar,jsegar72@dyndns.org,Fullerton,California
8201qgilxply5c6cgv,Nester,Peppin,npeppin73@cisco.com,Brooklyn,New York
1780lalspt4w1v42id,Brendis,Wooder,bwooder74@pinterest.com,El Paso,Texas
9205piecqbxl4jqeoa,Almire,Dixsee,adixsee75@va.gov,Roanoke,Virginia
6749ohztpzd143mewr,Tadio,Baison,tbaison76@nytimes.com,Sacramento,California
3004uwpxmg0zo1z9wg,Umberto,Joiris,ujoiris77@smugmug.com,Boise,Idaho
1102iwgospvoyugvyh,Maribelle,Helsdon,mhelsdon78@live.com,Washington,District of Columbia
4260hhvuwq2hlvsyzy,Blondelle,Scardafield,bscardafield79@imdb.com,Virginia Beach,Virginia
3402qbjztyx2bnt4r0,Bentley,Eyckelberg,beyckelberg7a@youtu.be,Reno,Nevada
9345zcbwawv95xymqs,Alyssa,Bevens,abevens7b@icio.us,Sacramento,California
4852jjgfbcvkgh2zg4,Imojean,Kornyshev,,Maple Plain,Minnesota
8539pytfrcc7sk3eg2,Orsa,Oleshunin,,Saint Paul,Minnesota
5268qcrkllk7awdsvs,Kelby,Baldini,kbaldini7e@typepad.com,Rockford,Illinois
2683ffsyvoamp17grr,Niccolo,Duchart,,Oakland,California
2450eymhmkwo3dtb4e,Carlye,Disbrey,cdisbrey7g@senate.gov,Hot Springs National Park,Arkansas
5464kbcygmo8gl4nrd,Thomasina,Fawlks,tfawlks7h@topsy.com,Charlotte,North Carolina
5773bptnsyabkg8p5n,Kaitlyn,Hance,khance7i@globo.com,Peoria,Illinois
0224pdeqco45yz9ura,Karilynn,Girodias,kgirodias7j@blogspot.com,El Paso,Texas
9201uuqxqhq5saa4kt,Joseph,Threlfall,jthrelfall7k@tinyurl.com,Gainesville,Florida
7880crzdzfvdnt3smj,Vinson,Biggam,vbiggam7l@vinaora.com,Stockton,California
2916ehecydg964hn7n,Carlynne,Goult,cgoult7m@netlog.com,Huntington,West Virginia
8678ncczddiwqk2ikf,Maudie,Bleasdille,mbleasdille7n@elegantthemes.com,San Diego,California
4946mbruyb57hyn691,Amery,Bruin,abruin7o@joomla.org,Miami,Florida
0825nskgukww5xuypd,Erich,Bineham,ebineham7p@nytimes.com,Columbus,Georgia
7978tpovcbossjbinu,Ban,McAleese,bmcaleese7q@mapy.cz,Austin,Texas
2587xbsthrwspem5lh,Babara,Allsop,ballsop7r@weebly.com,Saint Petersburg,Florida
5992nfokdp1wrq9ci8,Brianne,Leynham,bleynham7s@slashdot.org,Richmond,Virginia
4999cjhwsxh2gq1k23,Millard,Fishenden,mfishenden7t@slideshare.net,Lafayette,Indiana
0539qswigfxfd1ifm5,Walden,Paris,,Hattiesburg,Mississippi
8378qvkuloj2c03m9a,Rea,Jery,rjery7v@fastcompany.com,Plano,Texas
2490hajbkvhsvb2qlr,Margit,McLanaghan,mmclanaghan7w@sphinn.com,Albany,New York
6945pmuwdmfiqwunpl,Sashenka,Edelmann,sedelmann7x@earthlink.net,San Jose,California
9499uitbmpi1d4wdm1,Mireielle,Gland,mgland7y@google.fr,Cleveland,Ohio
8143qfhtwp1h3rv4ph,Ranice,Glavis,rglavis7z@cisco.com,Tampa,Florida
7860gfofxd14bfh69r,Kermit,Du Fray,kdufray80@pinterest.com,Oakland,California
6857feqznbroq179zm,Erwin,Coulsen,ecoulsen81@ucsd.edu,Shreveport,Louisiana
2605adfikyjf2mxxgv,Dionysus,Muldownie,dmuldownie82@unblog.fr,Aurora,Colorado
6715qwusmjopim5292,Lawton,Enright,,Wilmington,Delaware
6649wznjvtbt0swwmp,Katya,Syrad,ksyrad84@weebly.com,Spring,Texas
4922gsknej4vmwiht2,Francis,Golden of Ireland,fgoldenofireland85@opera.com,Anchorage,Alaska
4736ywjnlxnpjcd7kk,Krystyna,Labin,klabin86@artisteer.com,Staten Island,New York
2493okdcxuzsnook0l,Jefferson,Messham,jmessham87@rediff.com,Washington,District of Columbia
9811zqnkzn2zja8z1x,Rosanna,Seivertsen,rseivertsen88@elegantthemes.com,Baton Rouge,Louisiana
9961lsqghscwnjqah3,Viola,Verrills,vverrills89@ustream.tv,Arlington,Virginia
2062nvgjor2xzjv3if,Rozalie,Labrone,rlabrone8a@yelp.com,Honolulu,Hawaii
9287bbeqhgkogb5lbp,Sarine,Bernardeau,,San Antonio,Texas
9267nfielh9f3bnl8b,Eachelle,Burfield,eburfield8c@china.com.cn,Chicago,Illinois
1818luybqre1w6ascl,Jamil,Scarsbrook,jscarsbrook8d@psu.edu,Jackson,Mississippi
6844fnuxfisesosn4i,Salome,Mackro,smackro8e@360.cn,Youngstown,Ohio
4949kxxmsk5f46rm0a,Dori,Johananov,,Memphis,Tennessee
3739syqufagi8xgnu3,Leonid,Vial,lvial8g@purevolume.com,Amarillo,Texas
2080qtrkwvafncwsjg,Clarice,Leveret,cleveret8h@seesaa.net,Minneapolis,Minnesota
8171docghrz32oh9ki,Meredith,Snedker,msnedker8i@ft.com,Tuscaloosa,Alabama
6962auphbb22n8xntj,Ronnie,Moylan,rmoylan8j@facebook.com,Los Angeles,California
0021utqpnp4fgu0dft,Vivyanne,Bounds,vbounds8k@ted.com,Syracuse,New York
4245xrsxeojyo4p4iu,Modestia,Dally,mdally8l@nsw.gov.au,Charleston,West Virginia
1649ndingla6el237g,Jenda,Cornford,jcornford8m@elegantthemes.com,Naperville,Illinois
7078grzmrwfu9x7u0x,Ramsay,Flobert,rflobert8n@webnode.com,Austin,Texas
5115hxghpuxcek6s7f,Letta,Hawkswood,lhawkswood8o@hugedomains.com,New Orleans,Louisiana
3624cemypgpd2pi91t,Janela,Mattiacci,,Honolulu,Hawaii
6292jmdllvcari23zr,Wendy,Beney,wbeney8q@nyu.edu,Waco,Texas
8382qsrycyr0j24itx,Romain,Wanklyn,rwanklyn8r@irs.gov,Arlington,Texas
0200rwsbon4wxpptyb,Beryl,Akenhead,,El Paso,Texas
4590xijokyacfi5q2e,Blondell,Kensley,bkensley8t@si.edu,San Antonio,Texas
6625bubkslwphb1603,Cherianne,Narup,cnarup8u@whitehouse.gov,Springfield,Illinois
5157ftqsiv7rh9tbzm,Ddene,Gudde,,Memphis,Tennessee
1502ulwchwwdq8hor6,Prince,Jaggs,pjaggs8w@instagram.com,Jacksonville,Florida
5713tmdhvdsvski1wt,Sandor,Pyne,spyne8x@php.net,Jackson,Mississippi
4859vebzunlretjhta,Duff,Coplestone,dcoplestone8y@baidu.com,Bismarck,North Dakota
4121amoatsflwhajw9,Ilyssa,Hyams,ihyams8z@bloglines.com,Washington,District of Columbia
2290xhxhbjnyubu3fs,Manolo,Misk,mmisk90@nature.com,Columbia,Missouri
8388rnubrf8q6127e8,Rania,Tame,rtame91@ucoz.ru,Fresno,California
4820vopibbzx29jh8y,Inge,Born,iborn92@moonfruit.com,New Orleans,Louisiana
7323mxyntd74qkwft5,Jereme,Bateson,jbateson93@answers.com,San Antonio,Texas
1267ggiwtp374pjfze,Loreen,Peret,lperet94@reddit.com,Buffalo,New York
4978svsinnqm2kuktg,Florina,Barthelmes,fbarthelmes95@soundcloud.com,Miami,Florida
9601kdpbvj64brip8b,Dael,Cruden,,Glendale,California
3290uwrpiw2hduitsx,Anastasia,Zack,azack97@washington.edu,Richmond,Virginia
6844dxzwspvs5h50r4,Robbie,Cosbey,rcosbey98@cnbc.com,Albuquerque,New Mexico
3933ensfyl3nj3fafn,Coretta,Pool,cpool99@wp.com,Akron,Ohio
8884udomyakx2alpqg,Ardys,Rowston,arowston9a@jiathis.com,Milwaukee,Wisconsin
5387rvieusw679ai32,Jillane,Conyers,jconyers9b@smh.com.au,Chicago,Illinois
3899nzgqjdw01l7b3o,Dedra,Mulcahy,dmulcahy9c@opensource.org,Van Nuys,California
5556ncovjjdrhm3xz3,Kayle,Seid,kseid9d@tripod.com,Albany,New York
1753gzxxhg34a97h50,Frederigo,Boylund,fboylund9e@about.me,Burbank,California
1759nfskltpss6p9jp,Rawley,Leyman,rleyman9f@dedecms.com,Syracuse,New York
6747offqia1ujbucdc,Meghan,Kenworthey,mkenworthey9g@ask.com,Houston,Texas
3170aqazjke04bplzo,Annelise,Lillegard,alillegard9h@sun.com,Staten Island,New York
7352cunxrpjeebz4ju,Isahella,Heaven,iheaven9i@google.de,Oklahoma City,Oklahoma
5168xqfhok9dj7zrpl,Freedman,Conningham,fconningham9j@msu.edu,Louisville,Kentucky
5306rcxzrwip0u2kqa,Erin,Gligorijevic,egligorijevic9k@jalbum.net,Lubbock,Texas
7628kytvak07na6ln7,Cirillo,Webermann,cwebermann9l@google.de,Lafayette,Indiana
9927fexcov6rxivqag,Miguela,Zanussii,mzanussii9m@cam.ac.uk,Cedar Rapids,Iowa
7098tpdccsysxyp2am,Dorisa,Jacombs,djacombs9n@seesaa.net,Albuquerque,New Mexico
5725ccwegsuip5b76m,Frederico,Karpets,,Spokane,Washington
9571wiutjekrnuiuox,Moselle,Strowthers,mstrowthers9p@scientificamerican.com,Orlando,Florida
9973gmxkijejl919ek,Deonne,Toghill,dtoghill9q@cloudflare.com,Peoria,Illinois
5499pghkqvrml1e5mw,Millard,Girardy,mgirardy9r@reddit.com,Norwalk,Connecticut
5963xufsno25ookp2t,Rog,Tregale,rtregale9s@nydailynews.com,Orange,California
0581qklvbzvoiedykr,Siward,Marklund,smarklund9t@slideshare.net,Vancouver,Washington
1040kvqigjxnk3h1ac,Linell,Kesby,lkesby9u@artisteer.com,Alexandria,Virginia
6592ttbpck9l2gm3sf,Janeczka,Baumadier,jbaumadier9v@comcast.net,Philadelphia,Pennsylvania
6022epgehq5shtgj92,Cornell,Gerner,cgerner9w@themeforest.net,Hartford,Connecticut
3749mnierljy989der,Raynor,Corking,rcorking9x@mail.ru,Philadelphia,Pennsylvania
9315auswovrhbblv3e,Ravi,Rodda,rrodda9y@virginia.edu,Toledo,Ohio
5795pedqkelidukwaj,Amalee,Vercruysse,avercruysse9z@berkeley.edu,Concord,California
8847hmiukdpudl5q4a,Nobie,Vogelein,nvogeleina0@cnbc.com,Wichita,Kansas
5877uzbqxszvox72wo,Lotty,Duell,lduella1@dell.com,Newark,New Jersey
0023jfnxeakdzlzg45,Callie,Willeson,cwillesona2@google.fr,Washington,District of Columbia
2721jwqyvilcpfc1mm,Datha,O'Brollachain,dobrollachaina3@bloglovin.com,Midland,Michigan
8052moahisv5ivnvmj,Helaine,Mason,hmasona4@kickstarter.com,Tampa,Florida
0164xqsyokcp19cq0w,Kyla,Itchingham,kitchinghama5@rambler.ru,Nashville,Tennessee
0862elysjigp82ow4e,Larisa,Mears,lmearsa6@va.gov,New York City,New York
6641jbqafq0jsj4q1t,Rickie,Addionisio,raddionisioa7@buzzfeed.com,El Paso,Texas
2538vpihknyz8xwbkg,Mal,Veld,mvelda8@wikimedia.org,Van Nuys,California
7594fferhywx9pwe97,Stacy,Jaouen,sjaouena9@archive.org,Milwaukee,Wisconsin
3230powzhkaqxv1cyi,Howard,Greaves,,Jacksonville,Florida
7659hjrkkm5ik37r7q,Arlen,Main,amainab@google.it,Indianapolis,Indiana
3423hcrcty0tohyg4q,Elana,Govey,egoveyac@51.la,Farmington,Michigan
3475yjllppqxf5k8l8,Austin,Mathet,amathetad@yandex.ru,Toledo,Ohio
7543xbfyajsds1obeu,Abigale,Pencott,apencottae@blinklist.com,Kansas City,Missouri
3643yvkahgr0w5doyi,Nowell,Iiannoni,niiannoniaf@live.com,Las Cruces,New Mexico
9961nvdvtoolwgdjrg,Spike,Witheridge,switheridgeag@typepad.com,Orange,California
7494qiuqyor5d041ei,Micki,Inkle,minkleah@bluehost.com,Las Vegas,Nevada
8404ijcfyu5h71oglf,Skipp,Embleton,sembletonai@amazonaws.com,Richmond,Virginia
5230eaqmmr8xtd7gno,Lazarus,Turk,lturkaj@hatena.ne.jp,Wichita,Kansas
0698hhmbdyz6c3lue1,Perla,Mack,pmackak@privacy.gov.au,Tampa,Florida
7906ceoewbnijhpzwy,Giraud,Antoniottii,gantoniottiial@google.it,Scottsdale,Arizona
9480noszgtjmgu010q,Sapphira,Hucquart,,Knoxville,Tennessee
8694upztra2xp9c5e5,Gerri,Noe,gnoean@scribd.com,Oakland,California
9121espjbh4xgm1050,Vi,Geldeard,vgeldeardao@wp.com,Minneapolis,Minnesota
5654wriluqotzqvgd8,Editha,Matschke,ematschkeap@github.io,Kansas City,Missouri
9860lwyniwmuhbzsyy,Dmitri,Cicci,dcicciaq@thetimes.co.uk,Houston,Texas
4008isfozm3ten1743,Salaidh,Shurrock,sshurrockar@businessinsider.com,Grand Rapids,Michigan
2102yvblpj5njfjl9e,Seth,Veare,sveareas@imageshack.us,Lincoln,Nebraska
5659nlcjxw1fpsanlo,Heda,Banane,hbananeat@theguardian.com,Honolulu,Hawaii
8882xkzvpe8hvqe46x,Ned,Infantino,ninfantinoau@fda.gov,Vero Beach,Florida
7051ekabvbsbzt0yyk,Tades,Clair,tclairav@imgur.com,Washington,District of Columbia
9061rtnezy62883gcl,Shir,Escalante,sescalanteaw@redcross.org,Richmond,Virginia
5012kwvjcd25mmrakg,Rhoda,Tinniswood,rtinniswoodax@oakley.com,Lansing,Michigan
3730wpdhvcuaz75tq2,Cornela,Adamo,cadamoay@utexas.edu,Little Rock,Arkansas
4372bljzfw8b5uiueg,Ashley,Kettlewell,akettlewellaz@webmd.com,Fargo,North Dakota
7858yakxrwt2j6o5c0,Kip,Piscopello,kpiscopellob0@blogger.com,Bakersfield,California
5455cgrgfmh72pbebx,Howey,Levey,,Indianapolis,Indiana
3279mgnprn6uqt3r9c,Clerkclaude,O' Culligan,coculliganb2@wix.com,Buffalo,New York
7275gvbkbmovzm2891,Gasper,Iannini,gianninib3@tuttocitta.it,San Diego,California
6899zpnpfeirb0y7ie,Derrek,Knowling,dknowlingb4@state.tx.us,Oklahoma City,Oklahoma
2221bkqziq28kbq8au,Kenny,Bilverstone,kbilverstoneb5@smugmug.com,Lake Charles,Louisiana
5269pmxrxbr3agio1z,Wenda,Craigg,,Tucson,Arizona
2290snnmceethqhgch,Glynnis,Celier,gcelierb7@time.com,Charleston,West Virginia
1822nwogajx7znn33h,Cleveland,Dunseith,cdunseithb8@webs.com,Nashville,Tennessee
0438arzaivsvw5gil4,Tiffi,Sullens,tsullensb9@wikimedia.org,Saint Louis,Missouri
7854fhasjenm95pg6q,Elsworth,MacMeanma,emacmeanmaba@google.com.hk,Meridian,Mississippi
6199bssgasz7jvugib,Giorgio,Jewis,gjewisbb@cdc.gov,El Paso,Texas
9768zvzmrq3zwxl7yi,Nert,Wooler,nwoolerbc@woothemes.com,Detroit,Michigan
2196qpupico42892w4,Emmy,Ferraron,eferraronbd@google.co.jp,Los Angeles,California
0707prqwribbmr7502,Abagael,Petheridge,apetheridgebe@fastcompany.com,Hartford,Connecticut
6554tawlxflq50b7xu,Jedd,Jarratt,jjarrattbf@newyorker.com,Des Moines,Iowa
0598oamodbrmejp72e,Maxie,Stennard,mstennardbg@skyrock.com,Spokane,Washington
5280lsygohhcvanzxs,Cullin,Terram,cterrambh@mayoclinic.com,Long Beach,California
2325jnrvbwj6zkr4iq,Orson,Stronghill,ostronghillbi@ifeng.com,Albuquerque,New Mexico
3729tgnslmlz4opfjr,Felice,Matteris,fmatterisbj@nytimes.com,Amarillo,Texas
9482cokgtddo9kp346,Reeta,Benning,,Jacksonville,Florida
9737mjpgfxn0irki5b,Elias,Spykings,espykingsbl@yolasite.com,Atlanta,Georgia
9171xrdfmo3ep6ohnf,Drusilla,Tender,dtenderbm@plala.or.jp,Saint Joseph,Missouri
6223jsooltqalvjemb,Floria,Delf,fdelfbn@squidoo.com,Houston,Texas
5322svcwqi8up3he5e,Nettle,De Cruce,,Saint Cloud,Minnesota
9268fdopvxy3znkl48,Hobey,Covely,hcovelybp@delicious.com,Philadelphia,Pennsylvania
6483gxkygfbvkv7rjt,Hertha,Crudge,hcrudgebq@howstuffworks.com,Toledo,Ohio
6244wsyqrt8erempdn,Sandro,Cicchetto,scicchettobr@wordpress.org,Phoenix,Arizona
2783nxqgjznmc4op9q,Imogene,Toft,itoftbs@buzzfeed.com,Temple,Texas
6239khwbbqhend5fu6,Gan,Gorgl,ggorglbt@google.it,Sioux Falls,South Dakota
7942qigkoh8sasai76,Roddie,Hane,,Miami Beach,Florida
4148occyva3h72yy79,Odelia,Sandwith,,Charleston,West Virginia
0505nkgbes3340iygx,Lyssa,Shorto,,Jacksonville,Florida
1441zjczth2kelwvc0,Bartel,McLucky,bmcluckybx@twitter.com,Fort Myers,Florida
9853dldafksr93dxk2,Megen,Ply,mplyby@ycombinator.com,Green Bay,Wisconsin
0487ddocwag91nzrgc,Winfield,Ruberry,wruberrybz@cpanel.net,Atlanta,Georgia
7790jqbuufmmb5nzap,Leanor,Top,ltopc0@biglobe.ne.jp,Youngstown,Ohio
0240sawxarcby2y2lp,Marita,Croom,mcroomc1@friendfeed.com,Tulsa,Oklahoma
0362frmbggekxrp8na,Susette,Oxnam,soxnamc2@webnode.com,Boise,Idaho
0857qzgoihm7nl0mhd,Robinson,Prettyjohn,,Denver,Colorado
7339siveums3fqonn9,Carley,Willicott,cwillicottc4@cbc.ca,Olympia,Washington
4005hislvxnebntl66,Ephrem,Vigietti,,Fort Worth,Texas
6337zlgngu6wdek4ja,Loreen,Wornum,,Columbia,South Carolina
4470weqdgk9dbvsh5a,Reine,McDonnell,,Washington,District of Columbia
7040hsayue1crl0v6c,Griffy,Matejovsky,gmatejovskyc8@mapy.cz,Boston,Massachusetts
8951coozqm9hkjkeig,Serene,Dymock,sdymockc9@biglobe.ne.jp,Columbus,Ohio
0070dxodyqq3ztib9w,Indira,Manvelle,imanvelleca@hp.com,Flint,Michigan
1840lchlll6b7m0qj9,Basilio,Dorricott,bdorricottcb@illinois.edu,Spokane,Washington
1385nrahgtv3wlyn13,Corinna,Coughlin,ccoughlincc@usatoday.com,Birmingham,Alabama
2296pfgrrq16g6dd7b,Tiffanie,Faber,tfabercd@yahoo.com,Tyler,Texas
5055tqcyvsef3bq140,Nial,McGettrick,nmcgettrickce@tumblr.com,El Paso,Texas
0203uabmctgw5ri7ot,Vina,Pagen,,Tampa,Florida
9907ejywjrfq3rlgn6,Anallese,Devany,adevanycg@blogger.com,Englewood,Colorado
9746zhdvcep5btuz44,Juline,Halworth,jhalworthch@cornell.edu,Oxnard,California
3808zkdfcmabd6u547,Merrili,Jonathon,mjonathonci@blogs.com,Nashville,Tennessee
4413fkofyhb5qcdgje,Millisent,O'Heyne,moheynecj@ovh.net,Las Vegas,Nevada
1258pyqpguyil82vrs,Morrie,Linney,mlinneyck@nationalgeographic.com,Richmond,Virginia
6617dizass5fke514z,Olav,Fuentez,ofuentezcl@zdnet.com,Delray Beach,Florida
6166ibarmn6io8glp6,Eudora,Lasty,elastycm@dell.com,Tulsa,Oklahoma
5549thqrgt0m0yybop,Marlyn,Valentim,mvalentimcn@shareasale.com,Santa Rosa,California
9475azngzitoigssg8,Iggie,Gozzett,igozzettco@go.com,Chicago,Illinois
8317fvraqo7k7t67un,Aviva,Brainsby,abrainsbycp@cnet.com,Arlington,Texas
8451rfvsme7e27esl9,Karia,Oldroyde,koldroydecq@msn.com,Fairfield,Connecticut
8653lbuxbsm7sds3c4,Desdemona,Harlick,dharlickcr@pinterest.com,Denver,Colorado
5144yanfdlmyzcani6,Justine,Jiricka,jjirickacs@google.com.hk,Aurora,Colorado
0584stceim5edxdvhp,Albertine,Lindman,alindmanct@cbc.ca,Hartford,Connecticut
5226zautuu5tarlivg,Gunter,Kharchinski,gkharchinskicu@parallels.com,Lubbock,Texas
6493ynympub8vc7o2i,Phoebe,Kemsley,pkemsleycv@nbcnews.com,Portland,Oregon
3910xdqzuwgsd8fjei,Malia,Haliburton,mhaliburtoncw@ocn.ne.jp,San Antonio,Texas
4038wugrtdjrgyrzwl,Pavel,Stoneham,pstonehamcx@hhs.gov,Raleigh,North Carolina
7823iuywzrd16n4q3u,Richmound,Montilla,rmontillacy@facebook.com,New Haven,Connecticut
1749swnzflw7topcyf,Justine,Gudge,jgudgecz@oakley.com,Newark,New Jersey
1940iuvhirh554sqok,Ardelia,Robertshaw,arobertshawd0@wufoo.com,Albany,New York
2177kkpgyzhd4h7tij,Enrique,Wimpress,ewimpressd1@sogou.com,Grand Rapids,Michigan
4431kzvmdwv7tv7zdf,Carola,Minshall,cminshalld2@thetimes.co.uk,North Hollywood,California
6675nqxmwcgmtc8py0,Merrill,MacRury,mmacruryd3@odnoklassniki.ru,Norfolk,Virginia
7062fqtcvsnli1fev7,Ellette,Casali,ecasalid4@bandcamp.com,Atlanta,Georgia
5222yolfknanu7w7bn,Arther,Munn,,Corona,California
7395snylfhkp9lt3c6,Rooney,Dobkin,rdobkind6@china.com.cn,Santa Monica,California
2327svwrfa2matb3eh,Andrey,Cheal,acheald7@ifeng.com,San Diego,California
1854cinjlo683g7pam,Kippie,Bollen,,Long Beach,California
7486mvhdtiko25m99y,Pat,Philipsohn,pphilipsohnd9@sciencedirect.com,San Francisco,California
9963cceftz5pwbo5tn,Ursola,Headford,uheadfordda@google.nl,Saint Paul,Minnesota
5250knciudglwn4eje,Leontine,Pedreschi,lpedreschidb@alexa.com,Peoria,Illinois
0979myhguun4v3t3ku,Odey,Leeds,oleedsdc@digg.com,Fort Lauderdale,Florida
6101mcskaxsely9vit,Rorke,Worthing,rworthingdd@comcast.net,El Paso,Texas
7613ffidlyjl7ykngy,Dougie,Galier,dgalierde@jimdo.com,Clearwater,Florida
0185mlbiymbn70erpr,Hewett,Baszkiewicz,hbaszkiewiczdf@amazon.com,Fort Wayne,Indiana
5462omyuvma3ccl9ed,Arlen,Sparkwell,asparkwelldg@newyorker.com,Charleston,South Carolina
1551yifnsp9khjbits,Raddy,Cremen,rcremendh@marriott.com,Waco,Texas
4694ukbhguzzho7lxg,Valenka,Daintith,vdaintithdi@economist.com,Dallas,Texas
0190khrrygbiue1q7t,Brandon,Tompion,btompiondj@cornell.edu,El Paso,Texas
5228fczeygcccm7kbv,Traver,Bindin,tbindindk@google.com.hk,Sacramento,California
7863eckrphxxpp7al1,Marylee,Conelly,mconellydl@prweb.com,Baltimore,Maryland
5729ewutcvurwybyi6,Cece,Kelleway,ckellewaydm@noaa.gov,Pensacola,Florida
1261xymaxuhrfjm5h8,Chandler,Kestian,ckestiandn@virginia.edu,Saint Cloud,Minnesota
3753xvisjsrk6iqpcl,Skell,Gorrie,sgorriedo@seattletimes.com,Cincinnati,Ohio
6451xuznmtunooqmta,Maddi,Fansy,mfansydp@salon.com,Dallas,Texas
1700qoflalszvyr7s4,Patty,Wagenen,,Alexandria,Virginia
8883ntvhcpl10zqsvr,Mick,Dunsmore,mdunsmoredr@woothemes.com,Bethesda,Maryland
6434evoqzdj1slmjmr,Traci,Mincher,tmincherds@unblog.fr,Tulsa,Oklahoma
4766nergbfy1y4vf9g,Aile,Dressel,adresseldt@army.mil,Indianapolis,Indiana
0473dkcyja06inkx2y,Dynah,Kemmer,,Des Moines,Iowa
6475akldzere91r6l8,Milly,Stenhouse,,San Diego,California
2347pvjwvv8zyivqai,Brandy,Triswell,btriswelldw@utexas.edu,Chicago,Illinois
1286wjssvo9ssh8ow7,Ninetta,Sparkwill,nsparkwilldx@adobe.com,Jamaica,New York
7424zjibwif8bqp5ph,Renato,Lockie,rlockiedy@creativecommons.org,Corpus Christi,Texas
5749ykaeplikl8ydir,Giraud,Mohamed,gmohameddz@businessinsider.com,Memphis,Tennessee
7392nmjjqfmmrpmww2,Jeralee,Lynd,jlynde0@ehow.com,Orlando,Florida
6076jlyxfpcqr178lj,Malvin,Leupoldt,mleupoldte1@timesonline.co.uk,Kansas City,Missouri
8599gzasgzhl8377k8,Xena,Danton,xdantone2@yolasite.com,Washington,District of Columbia
3768zhdqzby9usa2fg,Rogerio,Cardero,rcarderoe3@reverbnation.com,Huntington,West Virginia
4215felqwqmtqevn9x,Shepherd,Solomonides,ssolomonidese4@wikimedia.org,Naperville,Illinois
6577jjyclui6bjt8g5,Orren,Darkins,odarkinse5@huffingtonpost.com,Los Angeles,California
0128ffgkdbxdsyug8c,Derick,Garvie,,Reno,Nevada
0629lnklurac58bmzg,Archibald,Jarad,ajarade7@berkeley.edu,Charleston,West Virginia
5427xmwuvbm0lag9mv,Atlante,Etherington,aetheringtone8@hostgator.com,Albany,New York
1229nqsdsyrnnv8h5z,Webster,Webley,wwebleye9@pagesperso-orange.fr,Los Angeles,California
0364mgnlpz401hlo1c,Mile,Dowty,mdowtyea@google.ca,Sacramento,California
0503xpdfzhmzbtwxiz,Yolane,Bratty,ybrattyeb@skyrock.com,Gastonia,North Carolina
0906ngfgdyc6hhga29,Adrianne,Isakson,aisaksonec@list-manage.com,Greenville,South Carolina
3391zreyzoe0y4h6bo,Harri,McAllen,hmcallened@hugedomains.com,Stockton,California
9286sdbczr9eps61g8,Humfrey,Reek,hreekee@newyorker.com,Jacksonville,Florida
9142phpymmm4phgvj5,Ransell,Vittore,,Miami,Florida
5601rvopqewu7anel3,Grete,Mccaull,gmccaulleg@forbes.com,Omaha,Nebraska
3292jeayrrkzpfp65b,Nealy,Dahlgren,ndahlgreneh@mysql.com,Buffalo,New York
7865pcxchbt98yifo3,Johnette,Kingham,jkinghamei@uol.com.br,Savannah,Georgia
4229dsesch44qxsz0g,Ford,Odam,fodamej@theguardian.com,Brooksville,Florida
3384havronxru8rfls,Fran,Safell,fsafellek@creativecommons.org,Roanoke,Virginia
6052lbagby1g92tbws,Veronika,Aulton,vaultonel@clickbank.net,Scottsdale,Arizona
3366wrwhaexbmwdsnq,Randell,Pollastrone,rpollastroneem@statcounter.com,Maple Plain,Minnesota
3529xzksmphveupv13,Morly,Casarini,mcasarinien@4shared.com,Saint Paul,Minnesota
3102uumqyw1s66bwe7,Nan,Jobbing,njobbingeo@bbc.co.uk,New York City,New York
5864yanzpsvmz83h8v,Charissa,Tarburn,ctarburnep@senate.gov,Silver Spring,Maryland
0220fjlgdgbd47tiew,Nanete,Chilles,nchilleseq@people.com.cn,San Antonio,Texas
1041dubkgcoxaamqbd,Roosevelt,Umbers,rumberser@nih.gov,Los Angeles,California
3041snzxarh0e59lt5,Dion,Rickerd,,Pasadena,California
6665vnxcul6rjvanae,Margot,Lettson,mlettsonet@disqus.com,Chicago,Illinois
4899bxygwt3fj5gj2k,Quill,Umfrey,qumfreyeu@who.int,Berkeley,California
4274xinxgxozdyqla6,Martina,Kenyam,mkenyamev@artisteer.com,Dallas,Texas
7769ulaeeum0yasloz,Salim,Matiashvili,smatiashviliew@last.fm,El Paso,Texas
0673vldlcpnt9pewoq,Sheri,Crock,,Omaha,Nebraska
5119hvuvzz36k2t299,Eloise,Grisedale,egrisedaleey@accuweather.com,Tallahassee,Florida
8853fftidyvsqusv35,Nari,Bandy,nbandyez@cnbc.com,Phoenix,Arizona
6821dpwmyj43y8hk7c,Horatia,Davidowich,hdavidowichf0@hatena.ne.jp,Portland,Oregon
0594xmqpmi5eq3qji6,Analise,Swaisland,aswaislandf1@buzzfeed.com,Louisville,Kentucky
4696yvwdvicvytzhkg,Sayers,Fanshaw,sfanshawf2@webmd.com,Columbus,Ohio
5520jztebq1fjxw006,Lil,Lathy,llathyf3@narod.ru,Stamford,Connecticut
3195bnowlat5zqxz8r,Perceval,Snassell,psnassellf4@vimeo.com,Sioux Falls,South Dakota
7364axziwjzkz6kvnn,Trudie,Kingsly,tkingslyf5@last.fm,Washington,District of Columbia
1781bxyivogmtl8ot8,Ilse,Petraitis,ipetraitisf6@123-reg.co.uk,Brooklyn,New York
1688jyzgmy4pbfap86,Daryl,Yegorkov,,Bismarck,North Dakota
6076gdkeqnjszc5rw8,Erv,Rainbow,erainbowf8@netvibes.com,Decatur,Illinois
4703mqkrdglkq9tbi0,Troy,Kausche,tkauschef9@epa.gov,Washington,District of Columbia
7558wpqnsiqwht36tz,Bert,Gregine,bgreginefa@harvard.edu,Washington,District of Columbia
2225mmkrik47q3hqof,Jill,Faudrie,jfaudriefb@amazonaws.com,Jamaica,New York
1921rupqam7g3b29kx,Jacquenetta,Velez,jvelezfc@comsenz.com,Houston,Texas
1786nhwyninriuw5ek,Drusy,Tidmas,,Fort Wayne,Indiana
2890rayulmd10i9gkk,Sharla,Millington,smillingtonfe@hao123.com,White Plains,New York
1752buvoaa0usp8yjz,Gisella,Biffen,,Lincoln,Nebraska
5462bxxlwppnigr2vl,Linus,Trillow,ltrillowfg@japanpost.jp,Birmingham,Alabama
9462cszkyv1u7ywgtz,Spenser,Buzza,sbuzzafh@epa.gov,Washington,District of Columbia
1091oulhix0drw327z,Perry,Sheilds,psheildsfi@google.com.au,Birmingham,Alabama
7245hiwffw50gkbuqo,Kassey,Kingscote,kkingscotefj@army.mil,Washington,District of Columbia
7254ibwnoq3cnmicqd,Emlynne,Heskins,eheskinsfk@marketwatch.com,San Antonio,Texas
0991kfjbapzalqitgc,Annora,Motherwell,amotherwellfl@go.com,Amarillo,Texas
3944oznubl18ulbfn7,Leese,McNeilley,,Washington,District of Columbia
2104kiuotzdjq87e0t,Dimitri,Zanicchi,dzanicchifn@blinklist.com,Pittsburgh,Pennsylvania
4824gmtzqq7ra3cw6s,Lynn,Tooby,ltoobyfo@uol.com.br,Dulles,Virginia
7222qxlptruoxd6f8f,Veronica,Barge,vbargefp@statcounter.com,Washington,District of Columbia
9044ibwkfwecqz6ooa,Kennedy,Wyss,,Orlando,Florida
2228zasafyczj16iyw,Erena,Rowcliffe,erowcliffefr@ebay.co.uk,Hartford,Connecticut
6844ipxapbopocneta,Lizbeth,Morstatt,lmorstattfs@shinystat.com,Charlotte,North Carolina
1402yuaxfuokgkgj19,Mommy,Taaffe,mtaaffeft@tinyurl.com,Spring,Texas
5584dnmblcge0xw11o,Bradney,Fearenside,bfearensidefu@slideshare.net,Buffalo,New York
7682jvxcjezpbg7zmk,Waylen,Rooney,wrooneyfv@wordpress.com,Miami,Florida
0099qtvbsghn49q93w,Andros,Whitlow,awhitlowfw@japanpost.jp,Brooklyn,New York
7563ficiqldajqjx1m,Ingaberg,Rosita,irositafx@webeden.co.uk,Cleveland,Ohio
3567dvnahjm6p38gdd,Stephine,Gainsboro,sgainsborofy@smugmug.com,Shreveport,Louisiana
5018fnbavjuhie26h8,Harlen,Bunnell,hbunnellfz@slideshare.net,Santa Ana,California
9258hpgvsypqnldvot,Modestine,Trayling,mtraylingg0@linkedin.com,Minneapolis,Minnesota
4680kdvtghp4uz161e,Carleen,Ledeker,cledekerg1@discuz.net,Tempe,Arizona
6371iwuhth409sred5,Carolan,Wigan,cwigang2@jiathis.com,Henderson,Nevada
3908trijzabdtpdtgq,Markos,Currington,mcurringtong3@marketwatch.com,Lansing,Michigan
3287nkfkyloansdj7l,Berti,Hultberg,bhultbergg4@yellowbook.com,Tampa,Florida
3872swgazn47u5xj9g,Gaylor,McLice,gmcliceg5@1und1.de,Boston,Massachusetts
1222vyecynvaixemww,Germaine,Swynley,gswynleyg6@twitpic.com,Saint Petersburg,Florida
6247gbfoldp8k0v7wp,Keen,Lansdale,klansdaleg7@alexa.com,Hialeah,Florida
5593uxicezsbv06smy,Gayla,McGillivray,gmcgillivrayg8@un.org,Richmond,Virginia
6664ihxkci0kuq6bdt,Britt,Gullick,bgullickg9@slate.com,Greensboro,North Carolina
0175qsvnvlws06oifo,Harlie,Johansson,hjohanssonga@webnode.com,New York City,New York
0129cvtcpq24ma54ax,Ailina,Charge,achargegb@cloudflare.com,Columbia,South Carolina
2393lablcqxgq6n33t,Evelina,Saunper,esaunpergc@cdbaby.com,Tulsa,Oklahoma
3698parddd2d4hiig0,Stesha,Atter,sattergd@delicious.com,Longview,Texas
5577lpgltxd5309bnp,Gertrude,Binford,gbinfordge@umich.edu,Akron,Ohio
6660ihudftxkc7apmv,Brantley,Aldersea,balderseagf@thetimes.co.uk,Gary,Indiana
1829wdysjzig1p7hnz,Lilah,Cannicott,lcannicottgg@google.com,San Diego,California
8883pcrwevu4cq5cjs,Zak,MacDuff,zmacduffgh@nih.gov,Sacramento,California
8164rmkpubig2e16vo,Vassili,Matysik,vmatysikgi@irs.gov,Huntsville,Alabama
3961npvgvgn3qwb98t,Aland,Epp,aeppgj@dagondesign.com,Canton,Ohio
5648rgxdnzjoh4o6ps,Mattie,Golthorpp,mgolthorppgk@privacy.gov.au,Sandy,Utah
6839pvbhkoymskad91,Armand,Lampitt,alampittgl@netvibes.com,Jefferson City,Missouri
5470wsmusaeev6xvcy,Jori,Amery,jamerygm@is.gd,Inglewood,California
5102drnyohmvc86lh8,Anastassia,Kelner,akelnergn@indiatimes.com,Apache Junction,Arizona
6650ragebta1miyhx5,Loralee,Allen,lallengo@cpanel.net,Charleston,West Virginia
0317lzrdsacw6e1j5q,Allegra,Barajas,,Houston,Texas
4410cagsmrqqk7hti0,Osbourn,Lisimore,olisimoregq@odnoklassniki.ru,New Haven,Connecticut
3273hylmchezjziyxg,Agatha,Tother,atothergr@ucsd.edu,Charleston,West Virginia
4439mjmcfcmdkh3whh,Launce,Busson,lbussongs@bandcamp.com,Irvine,California
8469hwooflmttj5vlu,Grady,Fourman,gfourmangt@hugedomains.com,New Orleans,Louisiana
7489bdmqze7ow2emju,Melvin,Abramamov,mabramamovgu@google.co.jp,Hampton,Virginia
0081dwpwjprk3ii2si,Vinnie,Pleasance,vpleasancegv@foxnews.com,Baltimore,Maryland
9153mpcotcmee749iq,Thurstan,Guile,tguilegw@hao123.com,Dayton,Ohio
4677sdgcgpg6fu11kv,Christan,Dilger,cdilgergx@house.gov,Wichita,Kansas
3948xpmyfzlxgup4a9,Griff,Tick,gtickgy@dagondesign.com,Albuquerque,New Mexico
7329fijfqbqfa31qu4,Donnajean,Nicol,dnicolgz@e-recht24.de,Houston,Texas
2153cbyrwru2py4wol,Dmitri,Waterfield,dwaterfieldh0@soundcloud.com,Spring,Texas
3952ilehxgktttasus,Ulick,McKeller,umckellerh1@webeden.co.uk,Phoenix,Arizona
2151hnefunq452o5ty,Barbra,Wetton,bwettonh2@ca.gov,Springfield,Illinois
6184avffpgaq9llfp2,Gwenni,Aldritt,galdritth3@g.co,Miami,Florida
0630icfdrkoadlatds,Farra,Grishin,fgrishinh4@nasa.gov,Lees Summit,Missouri
1828sexredk3b6tq6q,Shaine,Clive,scliveh5@spotify.com,Lexington,Kentucky
2718xbxwgmz7i5ii9f,Vitia,Bravington,vbravingtonh6@vk.com,Birmingham,Alabama
6455rpaldslwbf9wjp,Anthony,Tuff,atuffh7@hc360.com,Winston Salem,North Carolina
8259fjdubnz5qvd0u8,Cherri,Heaselgrave,cheaselgraveh8@discuz.net,Daytona Beach,Florida
7805lxgkcr9d6x8pit,Sumner,Klambt,sklambth9@shareasale.com,Monroe,Louisiana
9306szzkmdx51i69yw,Orbadiah,Cromar,ocromarha@mapy.cz,Virginia Beach,Virginia
1443npvfomp7q6i53q,Garnet,Neagle,gneaglehb@blinklist.com,Van Nuys,California
5085bhvszgvefdqg3u,Constantia,Odda,,Houston,Texas
5227mpdsgd2be6m2p0,West,Baldini,,Sacramento,California
8064hvhxzncwbp8uo4,Brit,Philp,bphilphe@amazon.co.jp,Las Cruces,New Mexico
1623gmxmotwdlz0emv,Renaldo,Cawse,,Albuquerque,New Mexico
7994roadvkwwgk48zr,Corrina,Fazakerley,cfazakerleyhg@unc.edu,Omaha,Nebraska
2164xzzyuhjyq1arws,Xerxes,Shenton,xshentonhh@google.de,Saint Petersburg,Florida
3755szgxybe8ryhe0n,Ilysa,Ledrun,iledrunhi@howstuffworks.com,Anderson,Indiana
0607swbjdqgydjkrot,Lu,Zimek,lzimekhj@jigsy.com,Honolulu,Hawaii
1625ancxfzusxomjpi,Pippy,Skirling,,Odessa,Texas
1541utipfoxw34fk5v,Jarrad,Ruppele,jruppelehl@eventbrite.com,Reno,Nevada
5714xvyjmqxwo3mxu9,Fredrick,Bonds,fbondshm@mozilla.org,Mobile,Alabama
9810lhpcpwlo2kvtjh,Lizabeth,Collens,lcollenshn@qq.com,Fresno,California
8865ppanxiuavuwmbe,Demetra,Cheatle,dcheatleho@uiuc.edu,Des Moines,Iowa
0582syjuqp1958fy2s,Cassandre,Glossop,cglossophp@naver.com,Paterson,New Jersey
4954vonufhec4111u2,Stacee,Goulding,,Milwaukee,Wisconsin
9834ktpztlbh1yvuko,Manon,Shermore,,Salt Lake City,Utah
3533mrebfe4zx0fn48,Dacia,Pendle,dpendlehs@howstuffworks.com,Ocala,Florida
2343hyveukvm3udi2l,Gale,Thickpenny,gthickpennyht@techcrunch.com,Saint Paul,Minnesota
7774yqgsqu8z9w60vj,Valeria,Sinderson,vsindersonhu@reddit.com,Trenton,New Jersey
4263rjwiekega32pha,Iolanthe,Ebbers,iebbershv@home.pl,Allentown,Pennsylvania
4102dmjsjymwvq1zs0,Hamel,Chasmoor,hchasmoorhw@domainmarket.com,Norfolk,Virginia
2592gbgbjwnk1rs4h6,Gleda,Derwin,gderwinhx@theatlantic.com,Arlington,Virginia
3071gwhhlkn1uzgyj8,Kean,Bertin,kbertinhy@state.tx.us,Washington,District of Columbia
5427acepmntjflky0y,Pierce,Cargo,pcargohz@cnbc.com,Kansas City,Missouri
4355okggjgxwewmbrq,Odey,Paoli,,Roanoke,Virginia
6441skimpoe9jbzi82,Shari,Kellaway,skellawayi1@free.fr,Wilmington,North Carolina
8639hsspcvfwdgnv2z,Candace,Waugh,cwaughi2@washington.edu,San Diego,California
9645elebxn0fdx9hcg,Kesley,Frewer,kfreweri3@quantcast.com,Champaign,Illinois
9394rsfqaytphdrmyu,Afton,Lagden,alagdeni4@washington.edu,Warren,Ohio
2935fvclapz7yp6q3i,Rodrick,Aubry,raubryi5@ifeng.com,Garden Grove,California
3050ekhicfs2xaursr,Alisa,O'Gormally,aogormallyi6@nifty.com,Scottsdale,Arizona
4792kxmfzdsykwxxcs,Cullie,Dewerson,cdewersoni7@vkontakte.ru,Englewood,Colorado
5754bzzfwj2gvzqf70,Latrina,Andrivel,landriveli8@taobao.com,Schenectady,New York
4981gvjxtw8jkzlo33,Giustino,Tarquini,gtarquinii9@guardian.co.uk,San Francisco,California
2438kxzwkcf6ifiamp,Adrianne,Eburne,,Paterson,New Jersey
8658swlzyjkeys5odl,Theodosia,Maunders,tmaundersib@github.io,Grand Rapids,Michigan
4217hgkdkwrgo3qaqt,Osbert,Wrathall,,Richmond,Virginia
5915xwzqmlgpg7dg0m,Dwight,Beese,dbeeseid@house.gov,New York City,New York
3491gbciuxqav31521,Anabelle,Alenshev,aalenshevie@va.gov,Albuquerque,New Mexico
3748srslmgegnbmnbw,Jason,Corinton,jcorintonif@de.vu,Cleveland,Ohio
2233imfvkqyc64sbnf,Curtis,Dudderidge,cdudderidgeig@opensource.org,Duluth,Georgia
5315neckbcv352esi3,Filbert,Argontt,fargonttih@unicef.org,Indianapolis,Indiana
9511deutret52skc8u,Jordanna,Lummis,jlummisii@jalbum.net,San Rafael,California
9073insdgc5d1mu80d,Johnathon,Benech,jbenechij@bbb.org,Saint Louis,Missouri
2727kyettf762232d3,Parker,Mangion,pmangionik@discuz.net,Hayward,California
5942fvgkhp2oy3dtr1,Corbin,Mennell,cmennellil@nytimes.com,San Bernardino,California
2235ynnfwgayz0rrai,Talya,Bosward,,Phoenix,Arizona
5007evgyqx4q723usz,Felix,Worwood,fworwoodin@parallels.com,Saint Louis,Missouri
0931yhphxbko7vo13l,Dee dee,Killelay,dkillelayio@tripod.com,Indianapolis,Indiana
1948cwnnbi7dhqxoob,Carolus,Sherrard,csherrardip@kickstarter.com,Duluth,Georgia
5197graqmvdlidmcjw,Norrie,Deevey,ndeeveyiq@harvard.edu,Oklahoma City,Oklahoma
4017thcnnn33qk0xh1,Lucien,Meenehan,lmeenehanir@wsj.com,Chicago,Illinois
4405vhesib3cwjznl6,Pippo,Stockman,pstockmanis@ameblo.jp,Albany,New York
0165zixynk3hs7kygi,Waverly,Targett,wtargettit@army.mil,Reno,Nevada
6723wdnhgsgzqx54zb,Mabelle,Ludee,mludeeiu@shop-pro.jp,Macon,Georgia
5763hddbtxectpefyp,Dagmar,MacCheyne,dmaccheyneiv@prweb.com,Lancaster,Pennsylvania
3566ubsedwsexc3yxs,Barthel,Daughtrey,bdaughtreyiw@ucoz.ru,Denver,Colorado
5588ucyaywq18g0suu,Gregg,Bolles,gbollesix@elpais.com,Washington,District of Columbia
1733zztdre2zmoi5ty,Sven,Folks,sfolksiy@marriott.com,Lake Charles,Louisiana
6961moksob9akz0vn0,Vanny,Dunk,vdunkiz@foxnews.com,Las Vegas,Nevada
8826rcewms4gb5zvlw,Kaspar,Kobu,kkobuj0@free.fr,Salem,Oregon
5212udporf8x8qwj53,Feliza,Millam,fmillamj1@admin.ch,Washington,District of Columbia
9526jgvqimxvxjkuz2,Adore,Brahm,abrahmj2@reverbnation.com,Fort Worth,Texas
3720zynpbfjhb48e9o,Sarita,Carlos,scarlosj3@ning.com,Baton Rouge,Louisiana
0687jjrjyfchp5jjvd,Rosina,Limerick,,Charlotte,North Carolina
1052dtnvpccuuwtj89,Freeman,McLevie,fmcleviej5@skype.com,Trenton,New Jersey
5397tchokig60grq72,Corbin,Whitchurch,cwhitchurchj6@zdnet.com,Pueblo,Colorado
7351fwfxnzwih0j753,Ignazio,Boult,iboultj7@youku.com,Fort Lauderdale,Florida
2656elouzkvp1ptjqf,Victor,Saintpierre,vsaintpierrej8@reference.com,Sioux Falls,South Dakota
4986odccsi6lgn8caq,Lynette,Soanes,lsoanesj9@earthlink.net,Springfield,Massachusetts
8966insrpqfauboob2,Melonie,Dougary,mdougaryja@cnbc.com,Brea,California
3814mpijxdkz7w0zw8,Lexie,Cudiff,lcudiffjb@gnu.org,Reading,Pennsylvania
6274azmrnv5cokv9de,Gene,Martinello,gmartinellojc@blogger.com,Beaumont,Texas
2754eembzucp1ht2my,Otes,Kilbourn,okilbournjd@berkeley.edu,Rochester,New York
4779ijzgfqaqmay0wy,Farah,Stonehouse,,Dayton,Ohio
4057uttrxm14h0li97,Pasquale,Stoller,pstollerjf@twitter.com,Chicago,Illinois
5458csmgiy3pkajflj,Dierdre,Veall,,Fort Wayne,Indiana
8993dpsyxyqgfypshg,Colene,Baddiley,cbaddileyjh@freewebs.com,Tampa,Florida
0369qexgdiv1zu2p99,Aland,Hyam,ahyamji@latimes.com,Columbia,Missouri
6611bmhevdo59b4ndq,Tobe,Canete,tcanetejj@boston.com,Southfield,Michigan
2806jqyfbtgn29ie23,Nikolai,Iohananof,niohananofjk@aboutads.info,New Orleans,Louisiana
8632iqwnrelmybexz2,Murray,Farthin,,Memphis,Tennessee
9100vqcdedg8mrmf4p,Stella,Rown,srownjm@hao123.com,Boston,Massachusetts
4023ivivdwl23ncom8,Beverley,Aldred,baldredjn@nih.gov,Hayward,California
2687unyffxc4zc5mn9,Frederich,Monkhouse,fmonkhousejo@wp.com,Jacksonville,Florida
0732ljknnaohq1cnop,Billi,Barnshaw,bbarnshawjp@businesswire.com,Atlanta,Georgia
7977hqygwkf7pe9drg,Celestia,Sandwick,csandwickjq@tripadvisor.com,Mobile,Alabama
0132uiwyty2mxa6ltq,Xaviera,Hubner,,Charlotte,North Carolina
2163jvwcgz9vvjppuw,Tommi,Kassman,tkassmanjs@kickstarter.com,Albuquerque,New Mexico
3051kwqfbflamlhg7o,Courtenay,Sugarman,csugarmanjt@wiley.com,Houston,Texas
5474irrkbukyl771ts,Ewen,Grabbam,,Birmingham,Alabama
3202tqdptuimhhd3kd,Leoine,Knowling,lknowlingjv@goo.gl,Lees Summit,Missouri
2482oroboyyuyar1ig,Ichabod,Kike,ikikejw@dion.ne.jp,Burbank,California
2537gwkida9o4wm44x,Wenonah,Kolin,wkolinjx@bloomberg.com,Los Angeles,California
5493nqdrxoa4s6k2ru,Sabrina,Shippey,sshippeyjy@t.co,Ashburn,Virginia
2813ktxexbz1kkwtf9,Cos,Dell 'Orto,cdellortojz@bloomberg.com,Sacramento,California
4980yuzpuil19t3jld,Darbie,Kirton,dkirtonk0@amazon.de,New York City,New York
0281ebjjjzvvhua58y,Nicolis,Tedstone,ntedstonek1@wired.com,Sacramento,California
1168dvponznlrnyo79,Franchot,Caulton,fcaultonk2@liveinternet.ru,Minneapolis,Minnesota
6203avcttavur1nom8,Darnell,Fluit,dfluitk3@tumblr.com,Tacoma,Washington
4160zwgvljzwew2bqf,Fae,Maxfield,fmaxfieldk4@odnoklassniki.ru,Denton,Texas
9155uppkedgel56eaj,Cal,Copeland,ccopelandk5@whitehouse.gov,New Orleans,Louisiana
1680jsjiqxewwreuof,Windham,Gummery,,El Paso,Texas
5212fathbsy4fy0f4h,Kincaid,Benard,kbenardk7@state.tx.us,Denver,Colorado
3790sunsnxqr3e7wyk,Ikey,Hakes,,Corpus Christi,Texas
8501czqrajxlymgl6n,Ralph,Anderbrugge,randerbruggek9@sbwire.com,Lexington,Kentucky
4915wotlmoa0x2ma47,Suellen,Chree,schreeka@ustream.tv,Wilmington,Delaware
0060wekjjwhatc3d2v,Sandy,Beincken,sbeinckenkb@last.fm,Grand Rapids,Michigan
6602hmwgcevracm3mp,Gratia,Phipson,gphipsonkc@ycombinator.com,West Palm Beach,Florida
1469arjvdnuwv1kjki,Arlinda,Winstone,awinstonekd@dot.gov,Fort Myers,Florida
2945nwghlgwdmmmyu0,King,Shelley,kshelleyke@businessinsider.com,San Jose,California
0227qgxgmmk30o3sc8,Aaren,Syddie,asyddiekf@redcross.org,Fayetteville,North Carolina
0669sdepxsney8mjyn,Birk,Harmson,bharmsonkg@sun.com,Minneapolis,Minnesota
7322jwlvwyeave4he8,Horatia,Gopsall,hgopsallkh@pagesperso-orange.fr,Pittsburgh,Pennsylvania
6925utgifaj6efeqgt,Tiphani,Olford,tolfordki@uol.com.br,New York City,New York
1844bmaqoxzeylx3yn,Rudolph,Winstanley,rwinstanleykj@msu.edu,Rockford,Illinois
3183cbplgmawax710l,Sheppard,Sobey,ssobeykk@hud.gov,El Paso,Texas
3241ixwhfkw8wc9781,Tessi,Torvey,ttorveykl@lycos.com,Colorado Springs,Colorado
3120ziudei0y5ly643,Sanders,Padden,spaddenkm@tinyurl.com,Houston,Texas
9706axdeiemg5q327s,Mycah,Delhay,,Phoenix,Arizona
2450hhtihop001gecx,Rock,MacMeanma,rmacmeanmako@mediafire.com,Bakersfield,California
2760lhqala7wrmjx78,Archambault,Cudbird,acudbirdkp@cnbc.com,Corona,California
3011jiksaa2vc68jw6,Isabelita,Sinden,,Richmond,Virginia
4501dnnorz7hhz2zs9,Delora,Oakeshott,doakeshottkr@washington.edu,Omaha,Nebraska
0308lpitoav6ntk41h,Thorsten,Bealing,tbealingks@plala.or.jp,Huntington,West Virginia
5495gnqubmh985csp0,Ilaire,Skitral,iskitralkt@mit.edu,Metairie,Louisiana
4838jkjxds0na90qv8,Rory,Acott,racottku@imgur.com,Edmond,Oklahoma
3676pvjroz38g05qo7,Marco,Olney,molneykv@prnewswire.com,Scottsdale,Arizona
7477krfvqc3j7dm4g6,Andie,Challiner,achallinerkw@wufoo.com,Boise,Idaho
6909bnppiqupb1dqvp,Katuscha,Greensted,,Provo,Utah
2360diwmyyfbpcgy5f,Ezequiel,Collocott,ecollocottky@techcrunch.com,Youngstown,Ohio
3352mdnrbjh1o6hyef,Lind,Brierton,lbriertonkz@163.com,Amarillo,Texas
9280ysgafil5kf1pm0,Merrick,Kondratovich,mkondratovichl0@toplist.cz,Lehigh Acres,Florida
1356ccpwaljg3pd656,Granville,Carrodus,gcarrodusl1@ox.ac.uk,Modesto,California
9425athgbyisefay1l,Marys,Coombe,mcoombel2@home.pl,Reston,Virginia
7373sljestur62811x,Dalt,Caldron,dcaldronl3@dyndns.org,Denver,Colorado
8676xxtzjexvbdoqnr,Morlee,Hairsnape,mhairsnapel4@dedecms.com,Brooklyn,New York
6969fpdcdsuqqbfb0i,Oriana,Vaun,ovaunl5@phpbb.com,Young America,Minnesota
1408yhmzab31u9g058,Donia,Beggio,dbeggiol6@wired.com,San Francisco,California
3799nyfnaa2khv3g83,Glen,Garmans,ggarmansl7@huffingtonpost.com,Boston,Massachusetts
5845ktivnqrivdghrk,Bonnee,Dankov,bdankovl8@sciencedaily.com,Bridgeport,Connecticut
8214uvnjhgdy0u0b1z,Ina,Dulany,idulanyl9@berkeley.edu,Birmingham,Alabama
5609vjsjthoy096443,Klara,Graber,,Boston,Massachusetts
4475heaecpeve6alj7,Yoko,Gergus,ygerguslb@php.net,Schaumburg,Illinois
6795qkzcubifmp0ldu,Dory,Vaudin,dvaudinlc@topsy.com,Jackson,Mississippi
5436sphsqowltfsvjd,Jany,Sofe,jsofeld@adobe.com,Lakeland,Florida
4894vqsjniw4gzre64,Jilli,Yggo,jyggole@microsoft.com,Charlotte,North Carolina
4701svcbxsm0dqjbz0,Adrien,Venturoli,aventurolilf@homestead.com,Houston,Texas
8469kdpovj1c96wjww,Daryn,Danilishin,ddanilishinlg@naver.com,East Saint Louis,Illinois
7093fslecxxd6hggkn,Mellie,Pelfer,mpelferlh@bloomberg.com,Fort Wayne,Indiana
1569ufshlv8c8hpic5,Trip,MacPake,tmacpakeli@google.co.jp,Saint Louis,Missouri
3566bzqgkt3f53lduw,Minnnie,Ingolotti,mingolottilj@wufoo.com,Chicago,Illinois
5748bkchfml7pluylh,Josephina,Southcombe,jsouthcombelk@yelp.com,Atlanta,Georgia
3784wdcudqqhkdl87q,Marchall,Pettitt,mpettittll@tmall.com,Virginia Beach,Virginia
6267plapooh1aqnlzy,Demeter,Mazzei,dmazzeilm@wikispaces.com,Milwaukee,Wisconsin
0083defsoogtmjhqn2,Carolus,O'Teague,coteagueln@edublogs.org,Richmond,Virginia
3093ygkpknja2zau7f,Noelani,Sibylla,nsibyllalo@washington.edu,Chicago,Illinois
0655zlbttshr3j5ryt,Mikkel,Giacopello,mgiacopellolp@cbslocal.com,Norman,Oklahoma
0811vpxrqir6rvj7zh,Fritz,Pithcock,fpithcocklq@cargocollective.com,Roanoke,Virginia
7073yjdcfl8i1pp768,Faulkner,Jentet,fjentetlr@si.edu,Lancaster,Pennsylvania
5826ypnomqt7rfkmzh,Nickola,Durant,ndurantls@discovery.com,Harrisburg,Pennsylvania
7270hdnjtje34xbqdj,Miguelita,Batch,mbatchlt@china.com.cn,Winston Salem,North Carolina
7196vgbmds4amse0ls,Gustav,Bruckstein,gbrucksteinlu@mlb.com,Waterbury,Connecticut
1567bybkjqijd7vv2e,Blake,Anear,banearlv@weebly.com,San Antonio,Texas
6054mfptybeu1n0pfu,Ruperto,Bucher,rbucherlw@purevolume.com,Little Rock,Arkansas
1640iiksdirj35ojgd,Gal,Minghella,gminghellalx@istockphoto.com,Norfolk,Virginia
5635sffdvskpmyxw4t,Angelia,Grimwood,agrimwoodly@squidoo.com,Cincinnati,Ohio
7381cymedb642mx0wf,Amelia,Sholem,asholemlz@nymag.com,San Diego,California
6420caenrghyys0zqv,Ailina,Ingleby,ainglebym0@businessweek.com,Trenton,New Jersey
6086akslik9z8v1nt8,Jacqui,Mosco,jmoscom1@buzzfeed.com,Roanoke,Virginia
2068nbohwfp3z159sq,Jeremias,Farquarson,jfarquarsonm2@nbcnews.com,Tulsa,Oklahoma
0849ptszbxxiy5zyd2,Jephthah,Sisey,jsiseym3@earthlink.net,Humble,Texas
1217nutxlpbuzy195z,Pascale,Blackader,pblackaderm4@cdc.gov,Roanoke,Virginia
5634ostcjrwh9fx5yx,Deane,Wigzell,dwigzellm5@ehow.com,Daytona Beach,Florida
3576dgioicjxxii7bw,Virginie,Cromblehome,vcromblehomem6@free.fr,Albuquerque,New Mexico
5761hsavqublnwfosa,Tremain,Bellie,tbelliem7@ftc.gov,New York City,New York
3713bqahbunsda724w,Moise,Duddin,,Buffalo,New York
8162ynltjwcjl8io8v,Jonathon,Raoux,jraouxm9@vistaprint.com,Omaha,Nebraska
9505gyqqyixjprhd8v,Elayne,Guilfoyle,eguilfoylema@opera.com,El Paso,Texas
4960zjjfwiyqgqoci1,Eileen,Soan,esoanmb@i2i.jp,Spartanburg,South Carolina
5896cxhiqmc97zva26,Kendell,Rustich,krustichmc@va.gov,Philadelphia,Pennsylvania
7322cuenxb3h2s0se8,Madel,Bocken,mbockenmd@spotify.com,Sandy,Utah
9388msvjiq8ikgl6gg,Pernell,Stanistreet,pstanistreetme@admin.ch,Long Beach,California
1945sksmvolns3yiat,Myrtle,Phippen,,Hartford,Connecticut
9132myafpc5lmdqsq6,Marlin,Leason,,Lexington,Kentucky
1713lkptyh1m6qbbvf,Lorant,La Batie,,Shawnee Mission,Kansas
2717ziihyap7got1uu,Jessee,Davis,jdavismi@storify.com,Chicago,Illinois
5648dosegdl6419swa,Zilvia,Shakespear,,Louisville,Kentucky
0933covjxi1fqdrtim,Base,Wassung,bwassungmk@flickr.com,Irvine,California
1132wlkljbg9ju1do5,Yorker,Rheubottom,yrheubottomml@answers.com,Houston,Texas
9162xyxiwwvcifelmb,Elaine,Wilding,ewildingmm@ezinearticles.com,South Bend,Indiana
4446siwblpgvkjclji,Garret,Fairbard,,Birmingham,Alabama
5465dzdmej08abj5ot,Trip,Sames,tsamesmo@ow.ly,Houston,Texas
9274rdqgpiiw5ewjtd,Merola,Sabey,msabeymp@tamu.edu,Washington,District of Columbia
4414hpwfrx9gd4ndta,Hagen,Garside,hgarsidemq@studiopress.com,Minneapolis,Minnesota
9521eywdteqp6nk109,Ronna,Gladhill,,Washington,District of Columbia
6969yjivgzx14j47nb,Erick,Daton,edatonms@ftc.gov,Richmond,Virginia
0445nnhlqxl5wrm9gk,Shandee,Siccombe,ssiccombemt@vk.com,Atlanta,Georgia
4377jnkzun5oyrqtt7,Erica,Haskey,ehaskeymu@amazon.de,Shawnee Mission,Kansas
7115uvcvnpb6x1t0cw,Dania,Levy,dlevymv@tuttocitta.it,Jacksonville,Florida
2089jtixui727j0gon,Amity,Conant,aconantmw@reference.com,Dallas,Texas
1853oulfpabwvndwec,Lissy,Swire,lswiremx@alexa.com,Pensacola,Florida
6854ekludf276gts8o,Margaretta,Siggens,msiggensmy@nhs.uk,Des Moines,Iowa
1401ezivgof4us5ija,Barclay,Hobbert,bhobbertmz@illinois.edu,Greensboro,North Carolina
8705dpbinf3y83l18k,Irving,Lorens,ilorensn0@ning.com,Van Nuys,California
8916kfmfdj480h8256,Madella,Slimme,mslimmen1@timesonline.co.uk,Tucson,Arizona
4358mtrhlif34yjttk,Elwood,Hambly,ehamblyn2@ezinearticles.com,Dayton,Ohio
1172zrxuua77800gyi,Noby,Maginot,nmaginotn3@amazon.co.uk,Miami,Florida
2243hgdxsa92vfjntb,Marcelia,Littlewood,mlittlewoodn4@google.co.uk,Augusta,Georgia
0734qdcznhjfds53lj,Esmaria,Osgar,eosgarn5@tumblr.com,Houston,Texas
4508phiioiyrxxuyi8,Bear,Eadie,beadien6@goo.gl,Saint Paul,Minnesota
0386xvrcqdzxyrriiz,Hoyt,Rambadt,hrambadtn7@topsy.com,Flint,Michigan
1625wvugmdnjiih7l0,Torre,Binham,tbinhamn8@icq.com,Daytona Beach,Florida
7930qnzmac82prpqz0,Drucy,Daysh,,Louisville,Kentucky
5778zqylmzg89s2bzp,Maire,Kilroy,mkilroyna@drupal.org,Newark,New Jersey
7412thsxzjnqmf2vpf,Tremaine,Sara,tsaranb@t.co,Spokane,Washington
6443jhigmzxt9sgzkc,Radcliffe,Aleveque,ralevequenc@bandcamp.com,Lake Worth,Florida
5708yuxknizpaaiktr,Irita,Tatersale,itatersalend@intel.com,Memphis,Tennessee
8228cclbollszq408p,Doralyn,Neil,dneilne@acquirethisname.com,Topeka,Kansas
7246uwiyttgeivsdgs,Caye,Batchellor,cbatchellornf@google.it,Dayton,Ohio
8667umtprudoputba5,Blanche,Center,bcenterng@blogspot.com,Austin,Texas
2373qrsrgj14nifkzv,Perri,Penticoot,ppenticootnh@omniture.com,Toledo,Ohio
0245bbvehmhvhhxm4m,Rinaldo,Horwell,rhorwellni@guardian.co.uk,Jacksonville,Florida
8893cytsuwnfr4h26n,Jessee,Coggings,jcoggingsnj@umn.edu,Topeka,Kansas
1865vxiaoqg4vsagqp,Cindelyn,Midford,cmidfordnk@senate.gov,Kansas City,Missouri
8187xoanui5pbd67fe,Ara,Legrave,alegravenl@bandcamp.com,Young America,Minnesota
8004maschpi9ghj33a,Nealon,Jaze,,New York City,New York
3346jtdeowdqctz20e,Cad,Sofe,csofenn@blogtalkradio.com,Tulsa,Oklahoma
7396xxrspbgnfgwusq,Artur,Bezzant,abezzantno@vk.com,San Antonio,Texas
9739xyctwq5lv8beis,Sibella,Yeldon,,Tampa,Florida
0564zoofgoxpqhr4ik,Christopher,Lapish,clapishnq@domainmarket.com,Boston,Massachusetts
5425dgiefp6kgpfwk3,Mickey,Guerrier,mguerriernr@ucoz.com,San Jose,California
8115qjvbbsf6cj70kg,Olvan,Standall,,Oklahoma City,Oklahoma
6675jbunhoh6u20l30,Petronilla,Sperski,psperskint@gov.uk,Albuquerque,New Mexico
8375crhstlyzg0nusi,Con,O'Carran,cocarrannu@state.tx.us,Columbia,South Carolina
6171welyjrsi32h6xe,Christiana,Fosdike,cfosdikenv@seesaa.net,Arlington,Virginia
2909mltyajx8eltxes,Meghann,Brocklesby,mbrocklesbynw@soup.io,Dallas,Texas
0715mybxrvxyi87a1z,Lavinia,Matteoli,lmatteolinx@people.com.cn,Peoria,Illinois
1417brnwpxbzobtrxw,Jerry,Robken,jrobkenny@cmu.edu,Colorado Springs,Colorado
2823xludwl5r0nl7hu,Tally,MacGowan,tmacgowannz@usatoday.com,Corpus Christi,Texas
0267ubpnjqawwg6shc,Erl,McMurrugh,emcmurrugho0@who.int,Philadelphia,Pennsylvania
8238qvnzxtv5d2aazz,Raeann,Sweynson,rsweynsono1@indiegogo.com,Pittsburgh,Pennsylvania
5404jxxfnytasj0bn7,Roda,Mackley,rmackleyo2@mayoclinic.com,Boise,Idaho
0519lhnqdttt9u0w5z,Tiler,Cawt,tcawto3@canalblog.com,El Paso,Texas
5282pnnadc47y8rn2b,Donalt,Teligin,dteligino4@mapy.cz,Muncie,Indiana
6196eduxjk0t194hqr,Donnajean,Barensen,dbarenseno5@amazon.co.jp,Milwaukee,Wisconsin
1929dlevbsd5u7baqg,Gisela,Blurton,gblurtono6@ustream.tv,Las Vegas,Nevada
2820qguddz714wp5ki,Claire,Kenna,ckennao7@tinyurl.com,Evansville,Indiana
1099zdogqyjqkdey49,Benedetto,Blanko,bblankoo8@pinterest.com,Dallas,Texas
8233lypzjmjyh56u7b,Gayleen,Uzzell,guzzello9@123-reg.co.uk,Washington,District of Columbia
0400ypuarzuf5js8tj,Averell,Ramsay,aramsayoa@walmart.com,Denver,Colorado
8717djoyemfblxxrh8,Willard,Spilisy,wspilisyob@g.co,Dayton,Ohio
3471dtxzmp1izi0chj,Alexia,Llorens,allorensoc@nsw.gov.au,Daytona Beach,Florida
4350iocflnyor0ojcx,Tan,Nertney,tnertneyod@google.pl,San Antonio,Texas
3362vllybnurvtogph,Fanchon,Powderham,fpowderhamoe@geocities.jp,Austin,Texas
4255zkgddsbyqvnrkp,Torin,Morton,tmortonof@hc360.com,Falls Church,Virginia
1377xygayqpsgxr95o,Alard,Seater,aseaterog@pinterest.com,Brooklyn,New York
7089ulbovc5ivxzxj6,Susanne,Twinterman,stwintermanoh@opera.com,Springfield,Illinois
4531slqektki2og8xt,Dave,Beeden,,Albuquerque,New Mexico
5005cxuzcb2qxo4ueb,Iormina,Giacoboni,igiacobonioj@hud.gov,South Bend,Indiana
4328zyjxoc8bo0b25h,Corny,Alpin,calpinok@bloglines.com,Montgomery,Alabama
6012xybqcbimci7ajc,Billie,Presser,bpresserol@statcounter.com,Montgomery,Alabama
4932kpedgo2ec9hdql,Hayden,Caddy,hcaddyom@pen.io,New Castle,Pennsylvania
1857mnkrgdhqp5mrzd,Maison,Brogini,mbroginion@toplist.cz,Reno,Nevada
9101qlkpfyfkubyymc,Caryl,Verdie,cverdieoo@vimeo.com,Nashville,Tennessee
3009zeqzfwzvwgux8i,Elysha,Shoorbrooke,eshoorbrookeop@live.com,Atlanta,Georgia
9381qljypuxzu9d2ag,Ardella,Feldstern,afeldsternoq@wikimedia.org,Dayton,Ohio
8098ajctragtbbpd2s,Freeland,Oboy,foboyor@g.co,Frederick,Maryland
9284tenuirgy1e3k9m,Ragnar,Semerad,rsemerados@t.co,Albany,New York
2629cufgmnlss2nvs9,Carolynn,Dutt,,Orlando,Florida
6471qdmxmn54te21tm,Delainey,Runham,drunhamou@canalblog.com,Cincinnati,Ohio
0221ogevrnw1q4tfdh,Eda,Mustchin,,Fresno,California
5281dxvpbhzri503fx,Brew,Crottagh,bcrottaghow@xinhuanet.com,Waterbury,Connecticut
1563yktzrcbbvk2pa4,Iain,Strephan,istrephanox@wsj.com,Bethesda,Maryland
7483yfelnbx60z4cu6,Pansie,Tombling,ptomblingoy@mit.edu,Detroit,Michigan
0033zkxtranbes067e,Renado,Skally,rskallyoz@goodreads.com,Apache Junction,Arizona
6796epujvhlisivc42,Dilan,Cranmore,dcranmorep0@nba.com,Waltham,Massachusetts
8855fwjgihcpw7a0ik,Algernon,Sherrington,,Buffalo,New York
6308ycacjpq2qs3h7p,Meghan,Schmidt,mschmidtp2@chronoengine.com,Duluth,Minnesota
2294hyshisdcyuohyy,Ofella,Culpen,oculpenp3@bravesites.com,Bronx,New York
5198uzgwugc0v5u4zw,Yuma,Sprague,yspraguep4@weather.com,Colorado Springs,Colorado
1261clfrthhkkrst2o,Aurea,Devons,adevonsp5@chron.com,Alhambra,California
2177qiefru3hpqay88,Thurstan,Coward,tcowardp6@abc.net.au,Orlando,Florida
0788upxntd0ud6n7ah,Quinn,Gannicleff,qgannicleffp7@amazon.com,Cape Coral,Florida
0700afppvby6v1f9vr,Benni,Scapelhorn,bscapelhornp8@phoca.cz,Nashville,Tennessee
4969huwdnlttfximkl,Genna,Gethings,ggethingsp9@tmall.com,New York City,New York
2105cskgans777qjrf,Lizabeth,Gallafant,lgallafantpa@exblog.jp,Tallahassee,Florida
9174amrsuq28cs33ft,Merrel,Durdan,,Grand Rapids,Michigan
4089hyzvuue978xdya,Sheppard,Daingerfield,sdaingerfieldpc@wikispaces.com,Jacksonville,Florida
7588spqtkwugnj8125,Dud,Potticary,dpotticarypd@furl.net,Fort Wayne,Indiana
3289pfboec7gncurco,Debi,Ranger,drangerpe@blogspot.com,Phoenix,Arizona
0329fjklibn2g5khxu,Lyndy,Spurryer,lspurryerpf@marketwatch.com,Harrisburg,Pennsylvania
7559nqltzldhmlzam4,Mercie,Huckabe,mhuckabepg@tinypic.com,Philadelphia,Pennsylvania
2035iamflu7c4e1gdy,Iosep,Cosslett,icosslettph@washington.edu,Reno,Nevada
1795rjrmsdogzi5i99,Andres,Wankel,awankelpi@seattletimes.com,Baton Rouge,Louisiana
8402bfsrwmeh6r877b,Lazare,Lefort,llefortpj@eepurl.com,Memphis,Tennessee
6519tworyhgg9xse80,Maryjo,Cotmore,,Macon,Georgia
1894oinnklj33uipqp,Lark,Lethby,llethbypl@ibm.com,Tucson,Arizona
9655silyhcnss5s582,Isadora,Owers,iowerspm@miibeian.gov.cn,Birmingham,Alabama
6421crwyvuxvqobkw3,Erik,Pendlington,,San Luis Obispo,California
0935wsxsuhwin14f18,Emlyn,Lempke,elempkepo@goo.ne.jp,Milwaukee,Wisconsin
7081fizzzxg1tn769j,Wyatan,Inch,winchpp@apple.com,Orlando,Florida
9138zrzyiox5docaqi,Jamill,Flaubert,,Bonita Springs,Florida
3290vugspaor0pf5n5,Luce,Oiseau,loiseaupr@gizmodo.com,Schaumburg,Illinois
1593rdeqho0eswik34,Alexine,Root,arootps@xrea.com,Bronx,New York
4225zugeuh8wvk5slu,Townie,Medway,tmedwaypt@com.com,Boise,Idaho
8862nxjssiwmozv0yb,Bev,Tuny,btunypu@photobucket.com,Los Angeles,California
1790egqagzbw5uu8fa,Meris,Simonin,msimoninpv@ft.com,El Paso,Texas
8920eeskapgdt2qtxi,Shanie,Jonson,sjonsonpw@uol.com.br,Los Angeles,California
3669xidhmeanmx8t9g,Rowan,Thornthwaite,,White Plains,New York
8441sdfhgdmen718gi,Abby,Shoulders,ashoulderspy@netlog.com,Portland,Oregon
5543egehyaixl1h9jt,Mariska,Dottridge,mdottridgepz@auda.org.au,Houston,Texas
5778dbvqbex58rkeal,Vin,Radwell,,Palatine,Illinois
8653yoaitopmpovo7d,Normand,Stride,nstrideq1@indiegogo.com,Rochester,New York
5607qlpybilwj2b1ij,Clo,Rogeon,crogeonq2@pinterest.com,Lubbock,Texas
3988pyrbdnf99qpdmj,Gayla,Renshall,grenshallq3@umn.edu,San Francisco,California
1707jhgpvrrg35gdje,Corina,Gronow,cgronowq4@dailymail.co.uk,Sacramento,California
7308qlfwmm3pbew1om,Ive,Winning,iwinningq5@reddit.com,Tampa,Florida
8025qfltsg1cpcjamb,Kali,Rappaport,krappaportq6@irs.gov,Gainesville,Florida
8605rprmunogghwv6c,Geoffrey,Bygate,gbygateq7@examiner.com,San Diego,California
5077hmxogeg9600ewt,Marsh,Thal,mthalq8@miibeian.gov.cn,Tallahassee,Florida
8634geulxnelkkz49v,Mendel,Tremmil,mtremmilq9@illinois.edu,Garden Grove,California
6834ignfrrrdkt0tsr,Melinde,O'Kynsillaghe,,Bronx,New York
1147iolhvw5vo95ei7,Ilise,Serjeant,iserjeantqb@nymag.com,New York City,New York
3107ygtwtdn59aanv8,Jarib,Sayce,jsayceqc@oaic.gov.au,Norwalk,Connecticut
9744vslmgni7grrh47,Doralynne,Croster,,Macon,Georgia
6896mbloxikb18gl3d,Nevil,Kleingrub,nkleingrubqe@cloudflare.com,Chicago,Illinois
3466qwxlvvelyd3922,Clarence,Nehl,cnehlqf@newyorker.com,Rockville,Maryland
3678nxhtqc1pz84ycu,Lucy,Rickcord,lrickcordqg@free.fr,Boston,Massachusetts
5976pkvnhjwq4x966c,Roseann,Bance,rbanceqh@boston.com,Pasadena,California
4304vphbxg2jsa7t1i,Mohammed,Woodrow,mwoodrowqi@indiatimes.com,Mobile,Alabama
9986okroaqsutl3tzt,Kristy,Trayford,ktrayfordqj@fotki.com,Kansas City,Missouri
4018dxcxfz7dlrzwnf,Whitby,Strathe,wstratheqk@harvard.edu,Lexington,Kentucky
0789lybptdwjxll242,Fredra,Wharton,fwhartonql@netscape.com,Boston,Massachusetts
9625jnskvaofrig1xq,Eziechiele,Segge,eseggeqm@examiner.com,San Antonio,Texas
3618ibbujh7586t0y5,Korie,Pethick,kpethickqn@who.int,Atlanta,Georgia
2296usxwxegqphiy7o,Delinda,Conniam,dconniamqo@oakley.com,Jackson,Mississippi
7918fjnhnt0h0o93ac,Reamonn,Brisseau,rbrisseauqp@posterous.com,El Paso,Texas
0789iqhnun301hzo81,Goldia,Van der Veldt,gvanderveldtqq@t.co,Chicago,Illinois
7986bgkpkmtzf16ewr,Zaneta,Luck,zluckqr@dropbox.com,Charlotte,North Carolina
4010wzuocxzazs58ry,Lucie,Berry,lberryqs@taobao.com,Miami,Florida
9888yqldwrtupnbl8q,Camile,Tomashov,ctomashovqt@google.com.au,Tucson,Arizona
5507meslactcyiq4di,Madelin,Turney,mturneyqu@ucsd.edu,Memphis,Tennessee
9119vwyekbavwh8ruu,Barny,Oldrey,,Montgomery,Alabama
7735nlipoky783szo3,Trula,Sails,tsailsqw@epa.gov,Lexington,Kentucky
4309twrrcrpoatdxbu,Sisely,Brickham,sbrickhamqx@cpanel.net,Pittsburgh,Pennsylvania
1738dglpjbmlg94zyo,Jackqueline,Gotcliffe,jgotcliffeqy@msn.com,Des Moines,Iowa
3614uabxdso1io1lem,Darell,Skyppe,dskyppeqz@redcross.org,Fort Wayne,Indiana
9423qdtyxiipp8pt47,Delinda,Caston,dcastonr0@cyberchimps.com,Spring,Texas
5615rrkejqi6ji2dba,Lesley,Shutte,lshutter1@rakuten.co.jp,Manassas,Virginia
2676xdlmmuge9ui9ua,Cordi,Chasmoor,cchasmoorr2@godaddy.com,Garland,Texas
6849dpdvjsa67f9p0r,Ruggiero,Tomkiss,rtomkissr3@forbes.com,Jacksonville,Florida
0073qqpjxzy8cri8e3,Deeyn,Halliday,dhallidayr4@topsy.com,Washington,District of Columbia
7050arguek1a7q3vk4,Bevon,Hilldrop,bhilldropr5@twitter.com,Evansville,Indiana
1702jnjxamkh2sadk0,Dulcie,Gullifant,dgullifantr6@msn.com,Washington,District of Columbia
9966luebxkfrf6l33s,Zelig,Williscroft,zwilliscroftr7@over-blog.com,Utica,New York
6339tzxeorvkrrthyl,Waite,Grinnell,,Erie,Pennsylvania
1248pglyyg7z80qd2s,Alphonso,Pickthorne,apickthorner9@slashdot.org,Helena,Montana
5468mogetw0g54ukya,Darcie,Darycott,ddarycottra@meetup.com,San Francisco,California
4372nhrmdzejq26oiq,Alexandre,Aron,aaronrb@paginegialle.it,Saint Paul,Minnesota
7517xypqdioqgdr8u7,Elisha,Obern,eobernrc@chicagotribune.com,Kansas City,Missouri
5985txxdfje7rslard,Catherina,Sandiland,csandilandrd@unblog.fr,Carol Stream,Illinois
8697kjyopbqs8dwr2g,Nichol,Ridd,nriddre@fda.gov,Waterbury,Connecticut
4017gbsmer7pc24o52,Osborn,Folkerts,ofolkertsrf@hud.gov,Tacoma,Washington
5366zlcdeu5thkspwd,Jere,Swaffer,jswafferrg@addthis.com,Houston,Texas
8527glxdqfbksbd5af,Buffy,Wareham,,Memphis,Tennessee
6520autrftinwgt1g3,Spense,De Lisle,sdelisleri@newyorker.com,Fort Worth,Texas
0172bhwdnyj009ylqt,Elita,Bingham,ebinghamrj@state.tx.us,New Orleans,Louisiana
8165qzournczu8xaqh,Cort,Mahady,cmahadyrk@reference.com,Los Angeles,California
1517ozdsso5x59t1r7,Tye,Killingbeck,tkillingbeckrl@indiatimes.com,Dayton,Ohio
9091ljateyc9pm77w4,Spence,Whittlesee,,Miami,Florida
8400iovyvhd4yty4k0,Eustacia,Stockwell,estockwellrn@chronoengine.com,Philadelphia,Pennsylvania
6048fyxdhs8owgygkp,Ellery,Lippo,,Richmond,Virginia
5930kmjeofkotn829f,Bekki,Carbett,bcarbettrp@wikispaces.com,Lexington,Kentucky
7909zdruqexfj4zdia,Rubin,Streeton,,Irvine,California
8129nnpccda7n1zeh9,Rosalia,Menendez,rmenendezrr@elpais.com,Bowie,Maryland
